name;category;requires;place_item;place_item_category
Starting Map;((~Start~)), Not Chunks;;;Tracks, Cups, Arenas
Starting Map 2;((~Start~)), SM2, Not Chunks;;;Tracks, Cups, Arenas
Starting Map 3;((~Start~)), SM3, Not Chunks;;;Tracks, Cups, Arenas
Crash Cove - Easy - 5th;Track - Crash Cove, Single, Classic, Easy;|Crash Cove|;;
Crash Cove - Easy - 3rd;Track - Crash Cove, Single, Classic, Easy;|Crash Cove|;;
Crash Cove - Easy - 1st;Track - Crash Cove, Single, Classic, Easy;|Crash Cove|;;
Crash Cove - Medium - 5th;Track - Crash Cove, Single, Classic, Medium;|Crash Cove|;;
Crash Cove - Medium - 3rd;Track - Crash Cove, Single, Classic, Medium;|Crash Cove|;;
Crash Cove - Medium - 1st;Track - Crash Cove, Single, Classic, Medium;|Crash Cove|;;
Crash Cove - Hard - 5th;Track - Crash Cove, Single, Classic, Hard;|Crash Cove|;;
Crash Cove - Hard - 3rd;Track - Crash Cove, Single, Classic, Hard;|Crash Cove|;;
Crash Cove - Hard - 1st;Track - Crash Cove, Single, Classic, Hard;|Crash Cove|;;
Mystery Caves - Easy - 5th;Track - Mystery Caves, Single, Classic, Easy;|Mystery Caves|;;
Mystery Caves - Easy - 3rd;Track - Mystery Caves, Single, Classic, Easy;|Mystery Caves|;;
Mystery Caves - Easy - 1st;Track - Mystery Caves, Single, Classic, Easy;|Mystery Caves|;;
Mystery Caves - Medium - 5th;Track - Mystery Caves, Single, Classic, Medium;|Mystery Caves|;;
Mystery Caves - Medium - 3rd;Track - Mystery Caves, Single, Classic, Medium;|Mystery Caves|;;
Mystery Caves - Medium - 1st;Track - Mystery Caves, Single, Classic, Medium;|Mystery Caves|;;
Mystery Caves - Hard - 5th;Track - Mystery Caves, Single, Classic, Hard;|Mystery Caves|;;
Mystery Caves - Hard - 3rd;Track - Mystery Caves, Single, Classic, Hard;|Mystery Caves|;;
Mystery Caves - Hard - 1st;Track - Mystery Caves, Single, Classic, Hard;|Mystery Caves|;;
Sewer Speedway - Easy - 5th;Track - Sewer Speedway, Single, Classic, Easy;|Sewer Speedway|;;
Sewer Speedway - Easy - 3rd;Track - Sewer Speedway, Single, Classic, Easy;|Sewer Speedway|;;
Sewer Speedway - Easy - 1st;Track - Sewer Speedway, Single, Classic, Easy;|Sewer Speedway|;;
Sewer Speedway - Medium - 5th;Track - Sewer Speedway, Single, Classic, Medium;|Sewer Speedway|;;
Sewer Speedway - Medium - 3rd;Track - Sewer Speedway, Single, Classic, Medium;|Sewer Speedway|;;
Sewer Speedway - Medium - 1st;Track - Sewer Speedway, Single, Classic, Medium;|Sewer Speedway|;;
Sewer Speedway - Hard - 5th;Track - Sewer Speedway, Single, Classic, Hard;|Sewer Speedway|;;
Sewer Speedway - Hard - 3rd;Track - Sewer Speedway, Single, Classic, Hard;|Sewer Speedway|;;
Sewer Speedway - Hard - 1st;Track - Sewer Speedway, Single, Classic, Hard;|Sewer Speedway|;;
Roo's Tubes - Easy - 5th;Track - Roo's Tubes, Single, Classic, Easy;|Roo's Tubes|;;
Roo's Tubes - Easy - 3rd;Track - Roo's Tubes, Single, Classic, Easy;|Roo's Tubes|;;
Roo's Tubes - Easy - 1st;Track - Roo's Tubes, Single, Classic, Easy;|Roo's Tubes|;;
Roo's Tubes - Medium - 5th;Track - Roo's Tubes, Single, Classic, Medium;|Roo's Tubes|;;
Roo's Tubes - Medium - 3rd;Track - Roo's Tubes, Single, Classic, Medium;|Roo's Tubes|;;
Roo's Tubes - Medium - 1st;Track - Roo's Tubes, Single, Classic, Medium;|Roo's Tubes|;;
Roo's Tubes - Hard - 5th;Track - Roo's Tubes, Single, Classic, Hard;|Roo's Tubes|;;
Roo's Tubes - Hard - 3rd;Track - Roo's Tubes, Single, Classic, Hard;|Roo's Tubes|;;
Roo's Tubes - Hard - 1st;Track - Roo's Tubes, Single, Classic, Hard;|Roo's Tubes|;;
Coco Park - Easy - 5th;Track - Coco Park, Single, Classic, Easy;|Coco Park|;;
Coco Park - Easy - 3rd;Track - Coco Park, Single, Classic, Easy;|Coco Park|;;
Coco Park - Easy - 1st;Track - Coco Park, Single, Classic, Easy;|Coco Park|;;
Coco Park - Medium - 5th;Track - Coco Park, Single, Classic, Medium;|Coco Park|;;
Coco Park - Medium - 3rd;Track - Coco Park, Single, Classic, Medium;|Coco Park|;;
Coco Park - Medium - 1st;Track - Coco Park, Single, Classic, Medium;|Coco Park|;;
Coco Park - Hard - 5th;Track - Coco Park, Single, Classic, Hard;|Coco Park|;;
Coco Park - Hard - 3rd;Track - Coco Park, Single, Classic, Hard;|Coco Park|;;
Coco Park - Hard - 1st;Track - Coco Park, Single, Classic, Hard;|Coco Park|;;
Tiger Temple - Easy - 5th;Track - Tiger Temple, Single, Classic, Easy;|Tiger Temple|;;
Tiger Temple - Easy - 3rd;Track - Tiger Temple, Single, Classic, Easy;|Tiger Temple|;;
Tiger Temple - Easy - 1st;Track - Tiger Temple, Single, Classic, Easy;|Tiger Temple|;;
Tiger Temple - Medium - 5th;Track - Tiger Temple, Single, Classic, Medium;|Tiger Temple|;;
Tiger Temple - Medium - 3rd;Track - Tiger Temple, Single, Classic, Medium;|Tiger Temple|;;
Tiger Temple - Medium - 1st;Track - Tiger Temple, Single, Classic, Medium;|Tiger Temple|;;
Tiger Temple - Hard - 5th;Track - Tiger Temple, Single, Classic, Hard;|Tiger Temple|;;
Tiger Temple - Hard - 3rd;Track - Tiger Temple, Single, Classic, Hard;|Tiger Temple|;;
Tiger Temple - Hard - 1st;Track - Tiger Temple, Single, Classic, Hard;|Tiger Temple|;;
Papu's Pyramid - Easy - 5th;Track - Papu's Pyramid, Single, Classic, Easy;|Papu's Pyramid|;;
Papu's Pyramid - Easy - 3rd;Track - Papu's Pyramid, Single, Classic, Easy;|Papu's Pyramid|;;
Papu's Pyramid - Easy - 1st;Track - Papu's Pyramid, Single, Classic, Easy;|Papu's Pyramid|;;
Papu's Pyramid - Medium - 5th;Track - Papu's Pyramid, Single, Classic, Medium;|Papu's Pyramid|;;
Papu's Pyramid - Medium - 3rd;Track - Papu's Pyramid, Single, Classic, Medium;|Papu's Pyramid|;;
Papu's Pyramid - Medium - 1st;Track - Papu's Pyramid, Single, Classic, Medium;|Papu's Pyramid|;;
Papu's Pyramid - Hard - 5th;Track - Papu's Pyramid, Single, Classic, Hard;|Papu's Pyramid|;;
Papu's Pyramid - Hard - 3rd;Track - Papu's Pyramid, Single, Classic, Hard;|Papu's Pyramid|;;
Papu's Pyramid - Hard - 1st;Track - Papu's Pyramid, Single, Classic, Hard;|Papu's Pyramid|;;
Dingo Canyon - Easy - 5th;Track - Dingo Canyon, Single, Classic, Easy;|Dingo Canyon|;;
Dingo Canyon - Easy - 3rd;Track - Dingo Canyon, Single, Classic, Easy;|Dingo Canyon|;;
Dingo Canyon - Easy - 1st;Track - Dingo Canyon, Single, Classic, Easy;|Dingo Canyon|;;
Dingo Canyon - Medium - 5th;Track - Dingo Canyon, Single, Classic, Medium;|Dingo Canyon|;;
Dingo Canyon - Medium - 3rd;Track - Dingo Canyon, Single, Classic, Medium;|Dingo Canyon|;;
Dingo Canyon - Medium - 1st;Track - Dingo Canyon, Single, Classic, Medium;|Dingo Canyon|;;
Dingo Canyon - Hard - 5th;Track - Dingo Canyon, Single, Classic, Hard;|Dingo Canyon|;;
Dingo Canyon - Hard - 3rd;Track - Dingo Canyon, Single, Classic, Hard;|Dingo Canyon|;;
Dingo Canyon - Hard - 1st;Track - Dingo Canyon, Single, Classic, Hard;|Dingo Canyon|;;
Polar Pass - Easy - 5th;Track - Polar Pass, Single, Classic, Easy;|Polar Pass|;;
Polar Pass - Easy - 3rd;Track - Polar Pass, Single, Classic, Easy;|Polar Pass|;;
Polar Pass - Easy - 1st;Track - Polar Pass, Single, Classic, Easy;|Polar Pass|;;
Polar Pass - Medium - 5th;Track - Polar Pass, Single, Classic, Medium;|Polar Pass|;;
Polar Pass - Medium - 3rd;Track - Polar Pass, Single, Classic, Medium;|Polar Pass|;;
Polar Pass - Medium - 1st;Track - Polar Pass, Single, Classic, Medium;|Polar Pass|;;
Polar Pass - Hard - 5th;Track - Polar Pass, Single, Classic, Hard;|Polar Pass|;;
Polar Pass - Hard - 3rd;Track - Polar Pass, Single, Classic, Hard;|Polar Pass|;;
Polar Pass - Hard - 1st;Track - Polar Pass, Single, Classic, Hard;|Polar Pass|;;
Tiny Arena - Easy - 5th;Track - Tiny Arena, Single, Classic, Easy;|Tiny Arena|;;
Tiny Arena - Easy - 3rd;Track - Tiny Arena, Single, Classic, Easy;|Tiny Arena|;;
Tiny Arena - Easy - 1st;Track - Tiny Arena, Single, Classic, Easy;|Tiny Arena|;;
Tiny Arena - Medium - 5th;Track - Tiny Arena, Single, Classic, Medium;|Tiny Arena|;;
Tiny Arena - Medium - 3rd;Track - Tiny Arena, Single, Classic, Medium;|Tiny Arena|;;
Tiny Arena - Medium - 1st;Track - Tiny Arena, Single, Classic, Medium;|Tiny Arena|;;
Tiny Arena - Hard - 5th;Track - Tiny Arena, Single, Classic, Hard;|Tiny Arena|;;
Tiny Arena - Hard - 3rd;Track - Tiny Arena, Single, Classic, Hard;|Tiny Arena|;;
Tiny Arena - Hard - 1st;Track - Tiny Arena, Single, Classic, Hard;|Tiny Arena|;;
Dragon Mines - Easy - 5th;Track - Dragon Mines, Single, Classic, Easy;|Dragon Mines|;;
Dragon Mines - Easy - 3rd;Track - Dragon Mines, Single, Classic, Easy;|Dragon Mines|;;
Dragon Mines - Easy - 1st;Track - Dragon Mines, Single, Classic, Easy;|Dragon Mines|;;
Dragon Mines - Medium - 5th;Track - Dragon Mines, Single, Classic, Medium;|Dragon Mines|;;
Dragon Mines - Medium - 3rd;Track - Dragon Mines, Single, Classic, Medium;|Dragon Mines|;;
Dragon Mines - Medium - 1st;Track - Dragon Mines, Single, Classic, Medium;|Dragon Mines|;;
Dragon Mines - Hard - 5th;Track - Dragon Mines, Single, Classic, Hard;|Dragon Mines|;;
Dragon Mines - Hard - 3rd;Track - Dragon Mines, Single, Classic, Hard;|Dragon Mines|;;
Dragon Mines - Hard - 1st;Track - Dragon Mines, Single, Classic, Hard;|Dragon Mines|;;
Blizzard Bluff - Easy - 5th;Track - Blizzard Bluff, Single, Classic, Easy;|Blizzard Bluff|;;
Blizzard Bluff - Easy - 3rd;Track - Blizzard Bluff, Single, Classic, Easy;|Blizzard Bluff|;;
Blizzard Bluff - Easy - 1st;Track - Blizzard Bluff, Single, Classic, Easy;|Blizzard Bluff|;;
Blizzard Bluff - Medium - 5th;Track - Blizzard Bluff, Single, Classic, Medium;|Blizzard Bluff|;;
Blizzard Bluff - Medium - 3rd;Track - Blizzard Bluff, Single, Classic, Medium;|Blizzard Bluff|;;
Blizzard Bluff - Medium - 1st;Track - Blizzard Bluff, Single, Classic, Medium;|Blizzard Bluff|;;
Blizzard Bluff - Hard - 5th;Track - Blizzard Bluff, Single, Classic, Hard;|Blizzard Bluff|;;
Blizzard Bluff - Hard - 3rd;Track - Blizzard Bluff, Single, Classic, Hard;|Blizzard Bluff|;;
Blizzard Bluff - Hard - 1st;Track - Blizzard Bluff, Single, Classic, Hard;|Blizzard Bluff|;;
Hot Air Skyway - Easy - 5th;Track - Hot Air Skyway, Single, Classic, Easy;|Hot Air Skyway|;;
Hot Air Skyway - Easy - 3rd;Track - Hot Air Skyway, Single, Classic, Easy;|Hot Air Skyway|;;
Hot Air Skyway - Easy - 1st;Track - Hot Air Skyway, Single, Classic, Easy;|Hot Air Skyway|;;
Hot Air Skyway - Medium - 5th;Track - Hot Air Skyway, Single, Classic, Medium;|Hot Air Skyway|;;
Hot Air Skyway - Medium - 3rd;Track - Hot Air Skyway, Single, Classic, Medium;|Hot Air Skyway|;;
Hot Air Skyway - Medium - 1st;Track - Hot Air Skyway, Single, Classic, Medium;|Hot Air Skyway|;;
Hot Air Skyway - Hard - 5th;Track - Hot Air Skyway, Single, Classic, Hard;|Hot Air Skyway|;;
Hot Air Skyway - Hard - 3rd;Track - Hot Air Skyway, Single, Classic, Hard;|Hot Air Skyway|;;
Hot Air Skyway - Hard - 1st;Track - Hot Air Skyway, Single, Classic, Hard;|Hot Air Skyway|;;
Cortex Castle - Easy - 5th;Track - Cortex Castle, Single, Classic, Easy;|Cortex Castle|;;
Cortex Castle - Easy - 3rd;Track - Cortex Castle, Single, Classic, Easy;|Cortex Castle|;;
Cortex Castle - Easy - 1st;Track - Cortex Castle, Single, Classic, Easy;|Cortex Castle|;;
Cortex Castle - Medium - 5th;Track - Cortex Castle, Single, Classic, Medium;|Cortex Castle|;;
Cortex Castle - Medium - 3rd;Track - Cortex Castle, Single, Classic, Medium;|Cortex Castle|;;
Cortex Castle - Medium - 1st;Track - Cortex Castle, Single, Classic, Medium;|Cortex Castle|;;
Cortex Castle - Hard - 5th;Track - Cortex Castle, Single, Classic, Hard;|Cortex Castle|;;
Cortex Castle - Hard - 3rd;Track - Cortex Castle, Single, Classic, Hard;|Cortex Castle|;;
Cortex Castle - Hard - 1st;Track - Cortex Castle, Single, Classic, Hard;|Cortex Castle|;;
N. Gin Labs - Easy - 5th;Track - N. Gin Labs, Single, Classic, Easy;|N. Gin Labs|;;
N. Gin Labs - Easy - 3rd;Track - N. Gin Labs, Single, Classic, Easy;|N. Gin Labs|;;
N. Gin Labs - Easy - 1st;Track - N. Gin Labs, Single, Classic, Easy;|N. Gin Labs|;;
N. Gin Labs - Medium - 5th;Track - N. Gin Labs, Single, Classic, Medium;|N. Gin Labs|;;
N. Gin Labs - Medium - 3rd;Track - N. Gin Labs, Single, Classic, Medium;|N. Gin Labs|;;
N. Gin Labs - Medium - 1st;Track - N. Gin Labs, Single, Classic, Medium;|N. Gin Labs|;;
N. Gin Labs - Hard - 5th;Track - N. Gin Labs, Single, Classic, Hard;|N. Gin Labs|;;
N. Gin Labs - Hard - 3rd;Track - N. Gin Labs, Single, Classic, Hard;|N. Gin Labs|;;
N. Gin Labs - Hard - 1st;Track - N. Gin Labs, Single, Classic, Hard;|N. Gin Labs|;;
Slide Coliseum - Easy - 5th;Track - Slide Coliseum, Single, Classic, Easy;|Slide Coliseum|;;
Slide Coliseum - Easy - 3rd;Track - Slide Coliseum, Single, Classic, Easy;|Slide Coliseum|;;
Slide Coliseum - Easy - 1st;Track - Slide Coliseum, Single, Classic, Easy;|Slide Coliseum|;;
Slide Coliseum - Medium - 5th;Track - Slide Coliseum, Single, Classic, Medium;|Slide Coliseum|;;
Slide Coliseum - Medium - 3rd;Track - Slide Coliseum, Single, Classic, Medium;|Slide Coliseum|;;
Slide Coliseum - Medium - 1st;Track - Slide Coliseum, Single, Classic, Medium;|Slide Coliseum|;;
Slide Coliseum - Hard - 5th;Track - Slide Coliseum, Single, Classic, Hard;|Slide Coliseum|;;
Slide Coliseum - Hard - 3rd;Track - Slide Coliseum, Single, Classic, Hard;|Slide Coliseum|;;
Slide Coliseum - Hard - 1st;Track - Slide Coliseum, Single, Classic, Hard;|Slide Coliseum|;;
Turbo Track - Easy - 5th;Track - Turbo Track, Single, Classic, Easy;|Turbo Track|;;
Turbo Track - Easy - 3rd;Track - Turbo Track, Single, Classic, Easy;|Turbo Track|;;
Turbo Track - Easy - 1st;Track - Turbo Track, Single, Classic, Easy;|Turbo Track|;;
Turbo Track - Medium - 5th;Track - Turbo Track, Single, Classic, Medium;|Turbo Track|;;
Turbo Track - Medium - 3rd;Track - Turbo Track, Single, Classic, Medium;|Turbo Track|;;
Turbo Track - Medium - 1st;Track - Turbo Track, Single, Classic, Medium;|Turbo Track|;;
Turbo Track - Hard - 5th;Track - Turbo Track, Single, Classic, Hard;|Turbo Track|;;
Turbo Track - Hard - 3rd;Track - Turbo Track, Single, Classic, Hard;|Turbo Track|;;
Turbo Track - Hard - 1st;Track - Turbo Track, Single, Classic, Hard;|Turbo Track|;;
Oxide Station - Easy - 5th;Track - Oxide Station, Single, Classic, Easy;|Oxide Station|;;
Oxide Station - Easy - 3rd;Track - Oxide Station, Single, Classic, Easy;|Oxide Station|;;
Oxide Station - Easy - 1st;Track - Oxide Station, Single, Classic, Easy;|Oxide Station|;;
Oxide Station - Medium - 5th;Track - Oxide Station, Single, Classic, Medium;|Oxide Station|;;
Oxide Station - Medium - 3rd;Track - Oxide Station, Single, Classic, Medium;|Oxide Station|;;
Oxide Station - Medium - 1st;Track - Oxide Station, Single, Classic, Medium;|Oxide Station|;;
Oxide Station - Hard - 5th;Track - Oxide Station, Single, Classic, Hard;|Oxide Station|;;
Oxide Station - Hard - 3rd;Track - Oxide Station, Single, Classic, Hard;|Oxide Station|;;
Oxide Station - Hard - 1st;Track - Oxide Station, Single, Classic, Hard;|Oxide Station|;;
Inferno Island - Easy - 5th;Track - Inferno Island, Single, Nitro, Easy;|Inferno Island|;;
Inferno Island - Easy - 3rd;Track - Inferno Island, Single, Nitro, Easy;|Inferno Island|;;
Inferno Island - Easy - 1st;Track - Inferno Island, Single, Nitro, Easy;|Inferno Island|;;
Inferno Island - Medium - 5th;Track - Inferno Island, Single, Nitro, Medium;|Inferno Island|;;
Inferno Island - Medium - 3rd;Track - Inferno Island, Single, Nitro, Medium;|Inferno Island|;;
Inferno Island - Medium - 1st;Track - Inferno Island, Single, Nitro, Medium;|Inferno Island|;;
Inferno Island - Hard - 5th;Track - Inferno Island, Single, Nitro, Hard;|Inferno Island|;;
Inferno Island - Hard - 3rd;Track - Inferno Island, Single, Nitro, Hard;|Inferno Island|;;
Inferno Island - Hard - 1st;Track - Inferno Island, Single, Nitro, Hard;|Inferno Island|;;
Jungle Boogie - Easy - 5th;Track - Jungle Boogie, Single, Nitro, Easy;|Jungle Boogie|;;
Jungle Boogie - Easy - 3rd;Track - Jungle Boogie, Single, Nitro, Easy;|Jungle Boogie|;;
Jungle Boogie - Easy - 1st;Track - Jungle Boogie, Single, Nitro, Easy;|Jungle Boogie|;;
Jungle Boogie - Medium - 5th;Track - Jungle Boogie, Single, Nitro, Medium;|Jungle Boogie|;;
Jungle Boogie - Medium - 3rd;Track - Jungle Boogie, Single, Nitro, Medium;|Jungle Boogie|;;
Jungle Boogie - Medium - 1st;Track - Jungle Boogie, Single, Nitro, Medium;|Jungle Boogie|;;
Jungle Boogie - Hard - 5th;Track - Jungle Boogie, Single, Nitro, Hard;|Jungle Boogie|;;
Jungle Boogie - Hard - 3rd;Track - Jungle Boogie, Single, Nitro, Hard;|Jungle Boogie|;;
Jungle Boogie - Hard - 1st;Track - Jungle Boogie, Single, Nitro, Hard;|Jungle Boogie|;;
Clockwork Wumpa - Easy - 5th;Track - Clockwork Wumpa, Single, Nitro, Easy;|Clockwork Wumpa|;;
Clockwork Wumpa - Easy - 3rd;Track - Clockwork Wumpa, Single, Nitro, Easy;|Clockwork Wumpa|;;
Clockwork Wumpa - Easy - 1st;Track - Clockwork Wumpa, Single, Nitro, Easy;|Clockwork Wumpa|;;
Clockwork Wumpa - Medium - 5th;Track - Clockwork Wumpa, Single, Nitro, Medium;|Clockwork Wumpa|;;
Clockwork Wumpa - Medium - 3rd;Track - Clockwork Wumpa, Single, Nitro, Medium;|Clockwork Wumpa|;;
Clockwork Wumpa - Medium - 1st;Track - Clockwork Wumpa, Single, Nitro, Medium;|Clockwork Wumpa|;;
Clockwork Wumpa - Hard - 5th;Track - Clockwork Wumpa, Single, Nitro, Hard;|Clockwork Wumpa|;;
Clockwork Wumpa - Hard - 3rd;Track - Clockwork Wumpa, Single, Nitro, Hard;|Clockwork Wumpa|;;
Clockwork Wumpa - Hard - 1st;Track - Clockwork Wumpa, Single, Nitro, Hard;|Clockwork Wumpa|;;
Android Alley - Easy - 5th;Track - Android Alley, Single, Nitro, Easy;|Android Alley|;;
Android Alley - Easy - 3rd;Track - Android Alley, Single, Nitro, Easy;|Android Alley|;;
Android Alley - Easy - 1st;Track - Android Alley, Single, Nitro, Easy;|Android Alley|;;
Android Alley - Medium - 5th;Track - Android Alley, Single, Nitro, Medium;|Android Alley|;;
Android Alley - Medium - 3rd;Track - Android Alley, Single, Nitro, Medium;|Android Alley|;;
Android Alley - Medium - 1st;Track - Android Alley, Single, Nitro, Medium;|Android Alley|;;
Android Alley - Hard - 5th;Track - Android Alley, Single, Nitro, Hard;|Android Alley|;;
Android Alley - Hard - 3rd;Track - Android Alley, Single, Nitro, Hard;|Android Alley|;;
Android Alley - Hard - 1st;Track - Android Alley, Single, Nitro, Hard;|Android Alley|;;
Electron Avenue - Easy - 5th;Track - Electron Avenue, Single, Nitro, Easy;|Electron Avenue|;;
Electron Avenue - Easy - 3rd;Track - Electron Avenue, Single, Nitro, Easy;|Electron Avenue|;;
Electron Avenue - Easy - 1st;Track - Electron Avenue, Single, Nitro, Easy;|Electron Avenue|;;
Electron Avenue - Medium - 5th;Track - Electron Avenue, Single, Nitro, Medium;|Electron Avenue|;;
Electron Avenue - Medium - 3rd;Track - Electron Avenue, Single, Nitro, Medium;|Electron Avenue|;;
Electron Avenue - Medium - 1st;Track - Electron Avenue, Single, Nitro, Medium;|Electron Avenue|;;
Electron Avenue - Hard - 5th;Track - Electron Avenue, Single, Nitro, Hard;|Electron Avenue|;;
Electron Avenue - Hard - 3rd;Track - Electron Avenue, Single, Nitro, Hard;|Electron Avenue|;;
Electron Avenue - Hard - 1st;Track - Electron Avenue, Single, Nitro, Hard;|Electron Avenue|;;
Deep Sea Driving - Easy - 5th;Track - Deep Sea Driving, Single, Nitro, Easy;|Deep Sea Driving|;;
Deep Sea Driving - Easy - 3rd;Track - Deep Sea Driving, Single, Nitro, Easy;|Deep Sea Driving|;;
Deep Sea Driving - Easy - 1st;Track - Deep Sea Driving, Single, Nitro, Easy;|Deep Sea Driving|;;
Deep Sea Driving - Medium - 5th;Track - Deep Sea Driving, Single, Nitro, Medium;|Deep Sea Driving|;;
Deep Sea Driving - Medium - 3rd;Track - Deep Sea Driving, Single, Nitro, Medium;|Deep Sea Driving|;;
Deep Sea Driving - Medium - 1st;Track - Deep Sea Driving, Single, Nitro, Medium;|Deep Sea Driving|;;
Deep Sea Driving - Hard - 5th;Track - Deep Sea Driving, Single, Nitro, Hard;|Deep Sea Driving|;;
Deep Sea Driving - Hard - 3rd;Track - Deep Sea Driving, Single, Nitro, Hard;|Deep Sea Driving|;;
Deep Sea Driving - Hard - 1st;Track - Deep Sea Driving, Single, Nitro, Hard;|Deep Sea Driving|;;
Thunder Struck - Easy - 5th;Track - Thunder Struck, Single, Nitro, Easy;|Thunder Struck|;;
Thunder Struck - Easy - 3rd;Track - Thunder Struck, Single, Nitro, Easy;|Thunder Struck|;;
Thunder Struck - Easy - 1st;Track - Thunder Struck, Single, Nitro, Easy;|Thunder Struck|;;
Thunder Struck - Medium - 5th;Track - Thunder Struck, Single, Nitro, Medium;|Thunder Struck|;;
Thunder Struck - Medium - 3rd;Track - Thunder Struck, Single, Nitro, Medium;|Thunder Struck|;;
Thunder Struck - Medium - 1st;Track - Thunder Struck, Single, Nitro, Medium;|Thunder Struck|;;
Thunder Struck - Hard - 5th;Track - Thunder Struck, Single, Nitro, Hard;|Thunder Struck|;;
Thunder Struck - Hard - 3rd;Track - Thunder Struck, Single, Nitro, Hard;|Thunder Struck|;;
Thunder Struck - Hard - 1st;Track - Thunder Struck, Single, Nitro, Hard;|Thunder Struck|;;
Tiny Temple - Easy - 5th;Track - Tiny Temple, Single, Nitro, Easy;|Tiny Temple|;;
Tiny Temple - Easy - 3rd;Track - Tiny Temple, Single, Nitro, Easy;|Tiny Temple|;;
Tiny Temple - Easy - 1st;Track - Tiny Temple, Single, Nitro, Easy;|Tiny Temple|;;
Tiny Temple - Medium - 5th;Track - Tiny Temple, Single, Nitro, Medium;|Tiny Temple|;;
Tiny Temple - Medium - 3rd;Track - Tiny Temple, Single, Nitro, Medium;|Tiny Temple|;;
Tiny Temple - Medium - 1st;Track - Tiny Temple, Single, Nitro, Medium;|Tiny Temple|;;
Tiny Temple - Hard - 5th;Track - Tiny Temple, Single, Nitro, Hard;|Tiny Temple|;;
Tiny Temple - Hard - 3rd;Track - Tiny Temple, Single, Nitro, Hard;|Tiny Temple|;;
Tiny Temple - Hard - 1st;Track - Tiny Temple, Single, Nitro, Hard;|Tiny Temple|;;
Meteor Gorge - Easy - 5th;Track - Meteor Gorge, Single, Nitro, Easy;|Meteor Gorge|;;
Meteor Gorge - Easy - 3rd;Track - Meteor Gorge, Single, Nitro, Easy;|Meteor Gorge|;;
Meteor Gorge - Easy - 1st;Track - Meteor Gorge, Single, Nitro, Easy;|Meteor Gorge|;;
Meteor Gorge - Medium - 5th;Track - Meteor Gorge, Single, Nitro, Medium;|Meteor Gorge|;;
Meteor Gorge - Medium - 3rd;Track - Meteor Gorge, Single, Nitro, Medium;|Meteor Gorge|;;
Meteor Gorge - Medium - 1st;Track - Meteor Gorge, Single, Nitro, Medium;|Meteor Gorge|;;
Meteor Gorge - Hard - 5th;Track - Meteor Gorge, Single, Nitro, Hard;|Meteor Gorge|;;
Meteor Gorge - Hard - 3rd;Track - Meteor Gorge, Single, Nitro, Hard;|Meteor Gorge|;;
Meteor Gorge - Hard - 1st;Track - Meteor Gorge, Single, Nitro, Hard;|Meteor Gorge|;;
Barin Ruins - Easy - 5th;Track - Barin Ruins, Single, Nitro, Easy;|Barin Ruins|;;
Barin Ruins - Easy - 3rd;Track - Barin Ruins, Single, Nitro, Easy;|Barin Ruins|;;
Barin Ruins - Easy - 1st;Track - Barin Ruins, Single, Nitro, Easy;|Barin Ruins|;;
Barin Ruins - Medium - 5th;Track - Barin Ruins, Single, Nitro, Medium;|Barin Ruins|;;
Barin Ruins - Medium - 3rd;Track - Barin Ruins, Single, Nitro, Medium;|Barin Ruins|;;
Barin Ruins - Medium - 1st;Track - Barin Ruins, Single, Nitro, Medium;|Barin Ruins|;;
Barin Ruins - Hard - 5th;Track - Barin Ruins, Single, Nitro, Hard;|Barin Ruins|;;
Barin Ruins - Hard - 3rd;Track - Barin Ruins, Single, Nitro, Hard;|Barin Ruins|;;
Barin Ruins - Hard - 1st;Track - Barin Ruins, Single, Nitro, Hard;|Barin Ruins|;;
Out Of Time - Easy - 5th;Track - Out Of Time, Single, Nitro, Easy;|Out Of Time|;;
Out Of Time - Easy - 3rd;Track - Out Of Time, Single, Nitro, Easy;|Out Of Time|;;
Out Of Time - Easy - 1st;Track - Out Of Time, Single, Nitro, Easy;|Out Of Time|;;
Out Of Time - Medium - 5th;Track - Out Of Time, Single, Nitro, Medium;|Out Of Time|;;
Out Of Time - Medium - 3rd;Track - Out Of Time, Single, Nitro, Medium;|Out Of Time|;;
Out Of Time - Medium - 1st;Track - Out Of Time, Single, Nitro, Medium;|Out Of Time|;;
Out Of Time - Hard - 5th;Track - Out Of Time, Single, Nitro, Hard;|Out Of Time|;;
Out Of Time - Hard - 3rd;Track - Out Of Time, Single, Nitro, Hard;|Out Of Time|;;
Out Of Time - Hard - 1st;Track - Out Of Time, Single, Nitro, Hard;|Out Of Time|;;
Assembly Lane - Easy - 5th;Track - Assembly Lane, Single, Nitro, Easy;|Assembly Lane|;;
Assembly Lane - Easy - 3rd;Track - Assembly Lane, Single, Nitro, Easy;|Assembly Lane|;;
Assembly Lane - Easy - 1st;Track - Assembly Lane, Single, Nitro, Easy;|Assembly Lane|;;
Assembly Lane - Medium - 5th;Track - Assembly Lane, Single, Nitro, Medium;|Assembly Lane|;;
Assembly Lane - Medium - 3rd;Track - Assembly Lane, Single, Nitro, Medium;|Assembly Lane|;;
Assembly Lane - Medium - 1st;Track - Assembly Lane, Single, Nitro, Medium;|Assembly Lane|;;
Assembly Lane - Hard - 5th;Track - Assembly Lane, Single, Nitro, Hard;|Assembly Lane|;;
Assembly Lane - Hard - 3rd;Track - Assembly Lane, Single, Nitro, Hard;|Assembly Lane|;;
Assembly Lane - Hard - 1st;Track - Assembly Lane, Single, Nitro, Hard;|Assembly Lane|;;
Hyper Spaceway - Easy - 5th;Track - Hyper Spaceway, Single, Nitro, Easy;|Hyper Spaceway|;;
Hyper Spaceway - Easy - 3rd;Track - Hyper Spaceway, Single, Nitro, Easy;|Hyper Spaceway|;;
Hyper Spaceway - Easy - 1st;Track - Hyper Spaceway, Single, Nitro, Easy;|Hyper Spaceway|;;
Hyper Spaceway - Medium - 5th;Track - Hyper Spaceway, Single, Nitro, Medium;|Hyper Spaceway|;;
Hyper Spaceway - Medium - 3rd;Track - Hyper Spaceway, Single, Nitro, Medium;|Hyper Spaceway|;;
Hyper Spaceway - Medium - 1st;Track - Hyper Spaceway, Single, Nitro, Medium;|Hyper Spaceway|;;
Hyper Spaceway - Hard - 5th;Track - Hyper Spaceway, Single, Nitro, Hard;|Hyper Spaceway|;;
Hyper Spaceway - Hard - 3rd;Track - Hyper Spaceway, Single, Nitro, Hard;|Hyper Spaceway|;;
Hyper Spaceway - Hard - 1st;Track - Hyper Spaceway, Single, Nitro, Hard;|Hyper Spaceway|;;
Twilight Tour - Easy - 5th;Track - Twilight Tour, Single, Bonus, Easy;|Twilight Tour|;;
Twilight Tour - Easy - 3rd;Track - Twilight Tour, Single, Bonus, Easy;|Twilight Tour|;;
Twilight Tour - Easy - 1st;Track - Twilight Tour, Single, Bonus, Easy;|Twilight Tour|;;
Twilight Tour - Medium - 5th;Track - Twilight Tour, Single, Bonus, Medium;|Twilight Tour|;;
Twilight Tour - Medium - 3rd;Track - Twilight Tour, Single, Bonus, Medium;|Twilight Tour|;;
Twilight Tour - Medium - 1st;Track - Twilight Tour, Single, Bonus, Medium;|Twilight Tour|;;
Twilight Tour - Hard - 5th;Track - Twilight Tour, Single, Bonus, Hard;|Twilight Tour|;;
Twilight Tour - Hard - 3rd;Track - Twilight Tour, Single, Bonus, Hard;|Twilight Tour|;;
Twilight Tour - Hard - 1st;Track - Twilight Tour, Single, Bonus, Hard;|Twilight Tour|;;
Prehistoric Playground - Easy - 5th;Track - Prehistoric Playground, Single, Bonus, Easy;|Prehistoric Playground|;;
Prehistoric Playground - Easy - 3rd;Track - Prehistoric Playground, Single, Bonus, Easy;|Prehistoric Playground|;;
Prehistoric Playground - Easy - 1st;Track - Prehistoric Playground, Single, Bonus, Easy;|Prehistoric Playground|;;
Prehistoric Playground - Medium - 5th;Track - Prehistoric Playground, Single, Bonus, Medium;|Prehistoric Playground|;;
Prehistoric Playground - Medium - 3rd;Track - Prehistoric Playground, Single, Bonus, Medium;|Prehistoric Playground|;;
Prehistoric Playground - Medium - 1st;Track - Prehistoric Playground, Single, Bonus, Medium;|Prehistoric Playground|;;
Prehistoric Playground - Hard - 5th;Track - Prehistoric Playground, Single, Bonus, Hard;|Prehistoric Playground|;;
Prehistoric Playground - Hard - 3rd;Track - Prehistoric Playground, Single, Bonus, Hard;|Prehistoric Playground|;;
Prehistoric Playground - Hard - 1st;Track - Prehistoric Playground, Single, Bonus, Hard;|Prehistoric Playground|;;
Spyro Circuit - Easy - 5th;Track - Spyro Circuit, Single, Bonus, Easy;|Spyro Circuit|;;
Spyro Circuit - Easy - 3rd;Track - Spyro Circuit, Single, Bonus, Easy;|Spyro Circuit|;;
Spyro Circuit - Easy - 1st;Track - Spyro Circuit, Single, Bonus, Easy;|Spyro Circuit|;;
Spyro Circuit - Medium - 5th;Track - Spyro Circuit, Single, Bonus, Medium;|Spyro Circuit|;;
Spyro Circuit - Medium - 3rd;Track - Spyro Circuit, Single, Bonus, Medium;|Spyro Circuit|;;
Spyro Circuit - Medium - 1st;Track - Spyro Circuit, Single, Bonus, Medium;|Spyro Circuit|;;
Spyro Circuit - Hard - 5th;Track - Spyro Circuit, Single, Bonus, Hard;|Spyro Circuit|;;
Spyro Circuit - Hard - 3rd;Track - Spyro Circuit, Single, Bonus, Hard;|Spyro Circuit|;;
Spyro Circuit - Hard - 1st;Track - Spyro Circuit, Single, Bonus, Hard;|Spyro Circuit|;;
Nina's Nightmare - Easy - 5th;Track - Nina's Nightmare, Single, Bonus, Easy;|Nina's Nightmare|;;
Nina's Nightmare - Easy - 3rd;Track - Nina's Nightmare, Single, Bonus, Easy;|Nina's Nightmare|;;
Nina's Nightmare - Easy - 1st;Track - Nina's Nightmare, Single, Bonus, Easy;|Nina's Nightmare|;;
Nina's Nightmare - Medium - 5th;Track - Nina's Nightmare, Single, Bonus, Medium;|Nina's Nightmare|;;
Nina's Nightmare - Medium - 3rd;Track - Nina's Nightmare, Single, Bonus, Medium;|Nina's Nightmare|;;
Nina's Nightmare - Medium - 1st;Track - Nina's Nightmare, Single, Bonus, Medium;|Nina's Nightmare|;;
Nina's Nightmare - Hard - 5th;Track - Nina's Nightmare, Single, Bonus, Hard;|Nina's Nightmare|;;
Nina's Nightmare - Hard - 3rd;Track - Nina's Nightmare, Single, Bonus, Hard;|Nina's Nightmare|;;
Nina's Nightmare - Hard - 1st;Track - Nina's Nightmare, Single, Bonus, Hard;|Nina's Nightmare|;;
Koala Carnival - Easy - 5th;Track - Koala Carnival, Single, Bonus, Easy;|Koala Carnival|;;
Koala Carnival - Easy - 3rd;Track - Koala Carnival, Single, Bonus, Easy;|Koala Carnival|;;
Koala Carnival - Easy - 1st;Track - Koala Carnival, Single, Bonus, Easy;|Koala Carnival|;;
Koala Carnival - Medium - 5th;Track - Koala Carnival, Single, Bonus, Medium;|Koala Carnival|;;
Koala Carnival - Medium - 3rd;Track - Koala Carnival, Single, Bonus, Medium;|Koala Carnival|;;
Koala Carnival - Medium - 1st;Track - Koala Carnival, Single, Bonus, Medium;|Koala Carnival|;;
Koala Carnival - Hard - 5th;Track - Koala Carnival, Single, Bonus, Hard;|Koala Carnival|;;
Koala Carnival - Hard - 3rd;Track - Koala Carnival, Single, Bonus, Hard;|Koala Carnival|;;
Koala Carnival - Hard - 1st;Track - Koala Carnival, Single, Bonus, Hard;|Koala Carnival|;;
Gingerbread Joyride - Easy - 5th;Track - Gingerbread Joyride, Single, Bonus, Easy;|Gingerbread Joyride|;;
Gingerbread Joyride - Easy - 3rd;Track - Gingerbread Joyride, Single, Bonus, Easy;|Gingerbread Joyride|;;
Gingerbread Joyride - Easy - 1st;Track - Gingerbread Joyride, Single, Bonus, Easy;|Gingerbread Joyride|;;
Gingerbread Joyride - Medium - 5th;Track - Gingerbread Joyride, Single, Bonus, Medium;|Gingerbread Joyride|;;
Gingerbread Joyride - Medium - 3rd;Track - Gingerbread Joyride, Single, Bonus, Medium;|Gingerbread Joyride|;;
Gingerbread Joyride - Medium - 1st;Track - Gingerbread Joyride, Single, Bonus, Medium;|Gingerbread Joyride|;;
Gingerbread Joyride - Hard - 5th;Track - Gingerbread Joyride, Single, Bonus, Hard;|Gingerbread Joyride|;;
Gingerbread Joyride - Hard - 3rd;Track - Gingerbread Joyride, Single, Bonus, Hard;|Gingerbread Joyride|;;
Gingerbread Joyride - Hard - 1st;Track - Gingerbread Joyride, Single, Bonus, Hard;|Gingerbread Joyride|;;
Megamix Mania - Easy - 5th;Track - Megamix Mania, Single, Bonus, Easy;|Megamix Mania|;;
Megamix Mania - Easy - 3rd;Track - Megamix Mania, Single, Bonus, Easy;|Megamix Mania|;;
Megamix Mania - Easy - 1st;Track - Megamix Mania, Single, Bonus, Easy;|Megamix Mania|;;
Megamix Mania - Medium - 5th;Track - Megamix Mania, Single, Bonus, Medium;|Megamix Mania|;;
Megamix Mania - Medium - 3rd;Track - Megamix Mania, Single, Bonus, Medium;|Megamix Mania|;;
Megamix Mania - Medium - 1st;Track - Megamix Mania, Single, Bonus, Medium;|Megamix Mania|;;
Megamix Mania - Hard - 5th;Track - Megamix Mania, Single, Bonus, Hard;|Megamix Mania|;;
Megamix Mania - Hard - 3rd;Track - Megamix Mania, Single, Bonus, Hard;|Megamix Mania|;;
Megamix Mania - Hard - 1st;Track - Megamix Mania, Single, Bonus, Hard;|Megamix Mania|;;
Drive-Thru Danger - Easy - 5th;Track - Drive-Thru Danger, Single, Bonus, Easy;|Drive-Thru Danger|;;
Drive-Thru Danger - Easy - 3rd;Track - Drive-Thru Danger, Single, Bonus, Easy;|Drive-Thru Danger|;;
Drive-Thru Danger - Easy - 1st;Track - Drive-Thru Danger, Single, Bonus, Easy;|Drive-Thru Danger|;;
Drive-Thru Danger - Medium - 5th;Track - Drive-Thru Danger, Single, Bonus, Medium;|Drive-Thru Danger|;;
Drive-Thru Danger - Medium - 3rd;Track - Drive-Thru Danger, Single, Bonus, Medium;|Drive-Thru Danger|;;
Drive-Thru Danger - Medium - 1st;Track - Drive-Thru Danger, Single, Bonus, Medium;|Drive-Thru Danger|;;
Drive-Thru Danger - Hard - 5th;Track - Drive-Thru Danger, Single, Bonus, Hard;|Drive-Thru Danger|;;
Drive-Thru Danger - Hard - 3rd;Track - Drive-Thru Danger, Single, Bonus, Hard;|Drive-Thru Danger|;;
Drive-Thru Danger - Hard - 1st;Track - Drive-Thru Danger, Single, Bonus, Hard;|Drive-Thru Danger|;;
;;;;
Skull Rock - Limit Battle - Easy;Arena - Skull Rock, Classic, Easy, Battle;|Skull Rock|;;
Skull Rock - Limit Battle - Medium;Arena - Skull Rock, Classic, Medium, Battle;|Skull Rock|;;
Skull Rock - Limit Battle - Hard;Arena - Skull Rock, Classic, Hard, Battle;|Skull Rock|;;
Skull Rock - Capture The Flag - Easy;Arena - Skull Rock, Classic, Easy, Battle;|Skull Rock|;;
Skull Rock - Capture The Flag - Medium;Arena - Skull Rock, Classic, Medium, Battle;|Skull Rock|;;
Skull Rock - Capture The Flag - Hard;Arena - Skull Rock, Classic, Hard, Battle;|Skull Rock|;;
Skull Rock - Crystal Grab - Easy;Arena - Skull Rock, Classic, Easy, Battle;|Skull Rock|;;
Skull Rock - Crystal Grab - Medium;Arena - Skull Rock, Classic, Medium, Battle;|Skull Rock|;;
Skull Rock - Crystal Grab - Hard;Arena - Skull Rock, Classic, Hard, Battle;|Skull Rock|;;
Skull Rock - Last Kart Driving - Easy;Arena - Skull Rock, Classic, Easy, Battle;|Skull Rock|;;
Skull Rock - Last Kart Driving - Medium;Arena - Skull Rock, Classic, Medium, Battle;|Skull Rock|;;
Skull Rock - Last Kart Driving - Hard;Arena - Skull Rock, Classic, Hard, Battle;|Skull Rock|;;
Skull Rock - Steal The Bacon - Easy;Arena - Skull Rock, Classic, Easy, Battle;|Skull Rock|;;
Skull Rock - Steal The Bacon - Medium;Arena - Skull Rock, Classic, Medium, Battle;|Skull Rock|;;
Skull Rock - Steal The Bacon - Hard;Arena - Skull Rock, Classic, Hard, Battle;|Skull Rock|;;
Nitro Court - Limit Battle - Easy;Arena - Nitro Court, Classic, Easy, Battle;|Nitro Court|;;
Nitro Court - Limit Battle - Medium;Arena - Nitro Court, Classic, Medium, Battle;|Nitro Court|;;
Nitro Court - Limit Battle - Hard;Arena - Nitro Court, Classic, Hard, Battle;|Nitro Court|;;
Nitro Court - Capture The Flag - Easy;Arena - Nitro Court, Classic, Easy, Battle;|Nitro Court|;;
Nitro Court - Capture The Flag - Medium;Arena - Nitro Court, Classic, Medium, Battle;|Nitro Court|;;
Nitro Court - Capture The Flag - Hard;Arena - Nitro Court, Classic, Hard, Battle;|Nitro Court|;;
Nitro Court - Crystal Grab - Easy;Arena - Nitro Court, Classic, Easy, Battle;|Nitro Court|;;
Nitro Court - Crystal Grab - Medium;Arena - Nitro Court, Classic, Medium, Battle;|Nitro Court|;;
Nitro Court - Crystal Grab - Hard;Arena - Nitro Court, Classic, Hard, Battle;|Nitro Court|;;
Nitro Court - Last Kart Driving - Easy;Arena - Nitro Court, Classic, Easy, Battle;|Nitro Court|;;
Nitro Court - Last Kart Driving - Medium;Arena - Nitro Court, Classic, Medium, Battle;|Nitro Court|;;
Nitro Court - Last Kart Driving - Hard;Arena - Nitro Court, Classic, Hard, Battle;|Nitro Court|;;
Nitro Court - Steal The Bacon - Easy;Arena - Nitro Court, Classic, Easy, Battle;|Nitro Court|;;
Nitro Court - Steal The Bacon - Medium;Arena - Nitro Court, Classic, Medium, Battle;|Nitro Court|;;
Nitro Court - Steal The Bacon - Hard;Arena - Nitro Court, Classic, Hard, Battle;|Nitro Court|;;
Parking Lot - Limit Battle - Easy;Arena - Parking Lot, Classic, Easy, Battle;|Parking Lot|;;
Parking Lot - Limit Battle - Medium;Arena - Parking Lot, Classic, Medium, Battle;|Parking Lot|;;
Parking Lot - Limit Battle - Hard;Arena - Parking Lot, Classic, Hard, Battle;|Parking Lot|;;
Parking Lot - Capture The Flag - Easy;Arena - Parking Lot, Classic, Easy, Battle;|Parking Lot|;;
Parking Lot - Capture The Flag - Medium;Arena - Parking Lot, Classic, Medium, Battle;|Parking Lot|;;
Parking Lot - Capture The Flag - Hard;Arena - Parking Lot, Classic, Hard, Battle;|Parking Lot|;;
Parking Lot - Crystal Grab - Easy;Arena - Parking Lot, Classic, Easy, Battle;|Parking Lot|;;
Parking Lot - Crystal Grab - Medium;Arena - Parking Lot, Classic, Medium, Battle;|Parking Lot|;;
Parking Lot - Crystal Grab - Hard;Arena - Parking Lot, Classic, Hard, Battle;|Parking Lot|;;
Parking Lot - Last Kart Driving - Easy;Arena - Parking Lot, Classic, Easy, Battle;|Parking Lot|;;
Parking Lot - Last Kart Driving - Medium;Arena - Parking Lot, Classic, Medium, Battle;|Parking Lot|;;
Parking Lot - Last Kart Driving - Hard;Arena - Parking Lot, Classic, Hard, Battle;|Parking Lot|;;
Parking Lot - Steal The Bacon - Easy;Arena - Parking Lot, Classic, Easy, Battle;|Parking Lot|;;
Parking Lot - Steal The Bacon - Medium;Arena - Parking Lot, Classic, Medium, Battle;|Parking Lot|;;
Parking Lot - Steal The Bacon - Hard;Arena - Parking Lot, Classic, Hard, Battle;|Parking Lot|;;
Rocky Road - Limit Battle - Easy;Arena - Rocky Road, Classic, Easy, Battle;|Rocky Road|;;
Rocky Road - Limit Battle - Medium;Arena - Rocky Road, Classic, Medium, Battle;|Rocky Road|;;
Rocky Road - Limit Battle - Hard;Arena - Rocky Road, Classic, Hard, Battle;|Rocky Road|;;
Rocky Road - Capture The Flag - Easy;Arena - Rocky Road, Classic, Easy, Battle;|Rocky Road|;;
Rocky Road - Capture The Flag - Medium;Arena - Rocky Road, Classic, Medium, Battle;|Rocky Road|;;
Rocky Road - Capture The Flag - Hard;Arena - Rocky Road, Classic, Hard, Battle;|Rocky Road|;;
Rocky Road - Crystal Grab - Easy;Arena - Rocky Road, Classic, Easy, Battle;|Rocky Road|;;
Rocky Road - Crystal Grab - Medium;Arena - Rocky Road, Classic, Medium, Battle;|Rocky Road|;;
Rocky Road - Crystal Grab - Hard;Arena - Rocky Road, Classic, Hard, Battle;|Rocky Road|;;
Rocky Road - Last Kart Driving - Easy;Arena - Rocky Road, Classic, Easy, Battle;|Rocky Road|;;
Rocky Road - Last Kart Driving - Medium;Arena - Rocky Road, Classic, Medium, Battle;|Rocky Road|;;
Rocky Road - Last Kart Driving - Hard;Arena - Rocky Road, Classic, Hard, Battle;|Rocky Road|;;
Rocky Road - Steal The Bacon - Easy;Arena - Rocky Road, Classic, Easy, Battle;|Rocky Road|;;
Rocky Road - Steal The Bacon - Medium;Arena - Rocky Road, Classic, Medium, Battle;|Rocky Road|;;
Rocky Road - Steal The Bacon - Hard;Arena - Rocky Road, Classic, Hard, Battle;|Rocky Road|;;
Lab Basement - Limit Battle - Easy;Arena - Lab Basement, Classic, Easy, Battle;|Lab Basement|;;
Lab Basement - Limit Battle - Medium;Arena - Lab Basement, Classic, Medium, Battle;|Lab Basement|;;
Lab Basement - Limit Battle - Hard;Arena - Lab Basement, Classic, Hard, Battle;|Lab Basement|;;
Lab Basement - Capture The Flag - Easy;Arena - Lab Basement, Classic, Easy, Battle;|Lab Basement|;;
Lab Basement - Capture The Flag - Medium;Arena - Lab Basement, Classic, Medium, Battle;|Lab Basement|;;
Lab Basement - Capture The Flag - Hard;Arena - Lab Basement, Classic, Hard, Battle;|Lab Basement|;;
Lab Basement - Crystal Grab - Easy;Arena - Lab Basement, Classic, Easy, Battle;|Lab Basement|;;
Lab Basement - Crystal Grab - Medium;Arena - Lab Basement, Classic, Medium, Battle;|Lab Basement|;;
Lab Basement - Crystal Grab - Hard;Arena - Lab Basement, Classic, Hard, Battle;|Lab Basement|;;
Lab Basement - Last Kart Driving - Easy;Arena - Lab Basement, Classic, Easy, Battle;|Lab Basement|;;
Lab Basement - Last Kart Driving - Medium;Arena - Lab Basement, Classic, Medium, Battle;|Lab Basement|;;
Lab Basement - Last Kart Driving - Hard;Arena - Lab Basement, Classic, Hard, Battle;|Lab Basement|;;
Lab Basement - Steal The Bacon - Easy;Arena - Lab Basement, Classic, Easy, Battle;|Lab Basement|;;
Lab Basement - Steal The Bacon - Medium;Arena - Lab Basement, Classic, Medium, Battle;|Lab Basement|;;
Lab Basement - Steal The Bacon - Hard;Arena - Lab Basement, Classic, Hard, Battle;|Lab Basement|;;
Rampage Ruins - Limit Battle - Easy;Arena - Rampage Ruins, Classic, Easy, Battle;|Rampage Ruins|;;
Rampage Ruins - Limit Battle - Medium;Arena - Rampage Ruins, Classic, Medium, Battle;|Rampage Ruins|;;
Rampage Ruins - Limit Battle - Hard;Arena - Rampage Ruins, Classic, Hard, Battle;|Rampage Ruins|;;
Rampage Ruins - Capture The Flag - Easy;Arena - Rampage Ruins, Classic, Easy, Battle;|Rampage Ruins|;;
Rampage Ruins - Capture The Flag - Medium;Arena - Rampage Ruins, Classic, Medium, Battle;|Rampage Ruins|;;
Rampage Ruins - Capture The Flag - Hard;Arena - Rampage Ruins, Classic, Hard, Battle;|Rampage Ruins|;;
Rampage Ruins - Crystal Grab - Easy;Arena - Rampage Ruins, Classic, Easy, Battle;|Rampage Ruins|;;
Rampage Ruins - Crystal Grab - Medium;Arena - Rampage Ruins, Classic, Medium, Battle;|Rampage Ruins|;;
Rampage Ruins - Crystal Grab - Hard;Arena - Rampage Ruins, Classic, Hard, Battle;|Rampage Ruins|;;
Rampage Ruins - Last Kart Driving - Easy;Arena - Rampage Ruins, Classic, Easy, Battle;|Rampage Ruins|;;
Rampage Ruins - Last Kart Driving - Medium;Arena - Rampage Ruins, Classic, Medium, Battle;|Rampage Ruins|;;
Rampage Ruins - Last Kart Driving - Hard;Arena - Rampage Ruins, Classic, Hard, Battle;|Rampage Ruins|;;
Rampage Ruins - Steal The Bacon - Easy;Arena - Rampage Ruins, Classic, Easy, Battle;|Rampage Ruins|;;
Rampage Ruins - Steal The Bacon - Medium;Arena - Rampage Ruins, Classic, Medium, Battle;|Rampage Ruins|;;
Rampage Ruins - Steal The Bacon - Hard;Arena - Rampage Ruins, Classic, Hard, Battle;|Rampage Ruins|;;
The North Bowl - Limit Battle - Easy;Arena - The North Bowl, Classic, Easy, Battle;|The North Bowl|;;
The North Bowl - Limit Battle - Medium;Arena - The North Bowl, Classic, Medium, Battle;|The North Bowl|;;
The North Bowl - Limit Battle - Hard;Arena - The North Bowl, Classic, Hard, Battle;|The North Bowl|;;
The North Bowl - Capture The Flag - Easy;Arena - The North Bowl, Classic, Easy, Battle;|The North Bowl|;;
The North Bowl - Capture The Flag - Medium;Arena - The North Bowl, Classic, Medium, Battle;|The North Bowl|;;
The North Bowl - Capture The Flag - Hard;Arena - The North Bowl, Classic, Hard, Battle;|The North Bowl|;;
The North Bowl - Crystal Grab - Easy;Arena - The North Bowl, Classic, Easy, Battle;|The North Bowl|;;
The North Bowl - Crystal Grab - Medium;Arena - The North Bowl, Classic, Medium, Battle;|The North Bowl|;;
The North Bowl - Crystal Grab - Hard;Arena - The North Bowl, Classic, Hard, Battle;|The North Bowl|;;
The North Bowl - Last Kart Driving - Easy;Arena - The North Bowl, Classic, Easy, Battle;|The North Bowl|;;
The North Bowl - Last Kart Driving - Medium;Arena - The North Bowl, Classic, Medium, Battle;|The North Bowl|;;
The North Bowl - Last Kart Driving - Hard;Arena - The North Bowl, Classic, Hard, Battle;|The North Bowl|;;
The North Bowl - Steal The Bacon - Easy;Arena - The North Bowl, Classic, Easy, Battle;|The North Bowl|;;
The North Bowl - Steal The Bacon - Medium;Arena - The North Bowl, Classic, Medium, Battle;|The North Bowl|;;
The North Bowl - Steal The Bacon - Hard;Arena - The North Bowl, Classic, Hard, Battle;|The North Bowl|;;
Temple Turmoil - Limit Battle - Easy;Arena - Temple Turmoil, Nitro, Easy, Battle;|Temple Turmoil|;;
Temple Turmoil - Limit Battle - Medium;Arena - Temple Turmoil, Nitro, Medium, Battle;|Temple Turmoil|;;
Temple Turmoil - Limit Battle - Hard;Arena - Temple Turmoil, Nitro, Hard, Battle;|Temple Turmoil|;;
Temple Turmoil - Capture The Flag - Easy;Arena - Temple Turmoil, Nitro, Easy, Battle;|Temple Turmoil|;;
Temple Turmoil - Capture The Flag - Medium;Arena - Temple Turmoil, Nitro, Medium, Battle;|Temple Turmoil|;;
Temple Turmoil - Capture The Flag - Hard;Arena - Temple Turmoil, Nitro, Hard, Battle;|Temple Turmoil|;;
Temple Turmoil - Crystal Grab - Easy;Arena - Temple Turmoil, Nitro, Easy, Battle;|Temple Turmoil|;;
Temple Turmoil - Crystal Grab - Medium;Arena - Temple Turmoil, Nitro, Medium, Battle;|Temple Turmoil|;;
Temple Turmoil - Crystal Grab - Hard;Arena - Temple Turmoil, Nitro, Hard, Battle;|Temple Turmoil|;;
Temple Turmoil - Last Kart Driving - Easy;Arena - Temple Turmoil, Nitro, Easy, Battle;|Temple Turmoil|;;
Temple Turmoil - Last Kart Driving - Medium;Arena - Temple Turmoil, Nitro, Medium, Battle;|Temple Turmoil|;;
Temple Turmoil - Last Kart Driving - Hard;Arena - Temple Turmoil, Nitro, Hard, Battle;|Temple Turmoil|;;
Temple Turmoil - Steal The Bacon - Easy;Arena - Temple Turmoil, Nitro, Easy, Battle;|Temple Turmoil|;;
Temple Turmoil - Steal The Bacon - Medium;Arena - Temple Turmoil, Nitro, Medium, Battle;|Temple Turmoil|;;
Temple Turmoil - Steal The Bacon - Hard;Arena - Temple Turmoil, Nitro, Hard, Battle;|Temple Turmoil|;;
Frozen Frenzy - Limit Battle - Easy;Arena - Frozen Frenzy, Nitro, Easy, Battle;|Frozen Frenzy|;;
Frozen Frenzy - Limit Battle - Medium;Arena - Frozen Frenzy, Nitro, Medium, Battle;|Frozen Frenzy|;;
Frozen Frenzy - Limit Battle - Hard;Arena - Frozen Frenzy, Nitro, Hard, Battle;|Frozen Frenzy|;;
Frozen Frenzy - Capture The Flag - Easy;Arena - Frozen Frenzy, Nitro, Easy, Battle;|Frozen Frenzy|;;
Frozen Frenzy - Capture The Flag - Medium;Arena - Frozen Frenzy, Nitro, Medium, Battle;|Frozen Frenzy|;;
Frozen Frenzy - Capture The Flag - Hard;Arena - Frozen Frenzy, Nitro, Hard, Battle;|Frozen Frenzy|;;
Frozen Frenzy - Crystal Grab - Easy;Arena - Frozen Frenzy, Nitro, Easy, Battle;|Frozen Frenzy|;;
Frozen Frenzy - Crystal Grab - Medium;Arena - Frozen Frenzy, Nitro, Medium, Battle;|Frozen Frenzy|;;
Frozen Frenzy - Crystal Grab - Hard;Arena - Frozen Frenzy, Nitro, Hard, Battle;|Frozen Frenzy|;;
Frozen Frenzy - Last Kart Driving - Easy;Arena - Frozen Frenzy, Nitro, Easy, Battle;|Frozen Frenzy|;;
Frozen Frenzy - Last Kart Driving - Medium;Arena - Frozen Frenzy, Nitro, Medium, Battle;|Frozen Frenzy|;;
Frozen Frenzy - Last Kart Driving - Hard;Arena - Frozen Frenzy, Nitro, Hard, Battle;|Frozen Frenzy|;;
Frozen Frenzy - Steal The Bacon - Easy;Arena - Frozen Frenzy, Nitro, Easy, Battle;|Frozen Frenzy|;;
Frozen Frenzy - Steal The Bacon - Medium;Arena - Frozen Frenzy, Nitro, Medium, Battle;|Frozen Frenzy|;;
Frozen Frenzy - Steal The Bacon - Hard;Arena - Frozen Frenzy, Nitro, Hard, Battle;|Frozen Frenzy|;;
Desert Storm - Limit Battle - Easy;Arena - Desert Storm, Nitro, Easy, Battle;|Desert Storm|;;
Desert Storm - Limit Battle - Medium;Arena - Desert Storm, Nitro, Medium, Battle;|Desert Storm|;;
Desert Storm - Limit Battle - Hard;Arena - Desert Storm, Nitro, Hard, Battle;|Desert Storm|;;
Desert Storm - Capture The Flag - Easy;Arena - Desert Storm, Nitro, Easy, Battle;|Desert Storm|;;
Desert Storm - Capture The Flag - Medium;Arena - Desert Storm, Nitro, Medium, Battle;|Desert Storm|;;
Desert Storm - Capture The Flag - Hard;Arena - Desert Storm, Nitro, Hard, Battle;|Desert Storm|;;
Desert Storm - Crystal Grab - Easy;Arena - Desert Storm, Nitro, Easy, Battle;|Desert Storm|;;
Desert Storm - Crystal Grab - Medium;Arena - Desert Storm, Nitro, Medium, Battle;|Desert Storm|;;
Desert Storm - Crystal Grab - Hard;Arena - Desert Storm, Nitro, Hard, Battle;|Desert Storm|;;
Desert Storm - Last Kart Driving - Easy;Arena - Desert Storm, Nitro, Easy, Battle;|Desert Storm|;;
Desert Storm - Last Kart Driving - Medium;Arena - Desert Storm, Nitro, Medium, Battle;|Desert Storm|;;
Desert Storm - Last Kart Driving - Hard;Arena - Desert Storm, Nitro, Hard, Battle;|Desert Storm|;;
Desert Storm - Steal The Bacon - Easy;Arena - Desert Storm, Nitro, Easy, Battle;|Desert Storm|;;
Desert Storm - Steal The Bacon - Medium;Arena - Desert Storm, Nitro, Medium, Battle;|Desert Storm|;;
Desert Storm - Steal The Bacon - Hard;Arena - Desert Storm, Nitro, Hard, Battle;|Desert Storm|;;
Magnetic Mayhem - Limit Battle - Easy;Arena - Magnetic Mayhem, Nitro, Easy, Battle;|Magnetic Mayhem|;;
Magnetic Mayhem - Limit Battle - Medium;Arena - Magnetic Mayhem, Nitro, Medium, Battle;|Magnetic Mayhem|;;
Magnetic Mayhem - Limit Battle - Hard;Arena - Magnetic Mayhem, Nitro, Hard, Battle;|Magnetic Mayhem|;;
Magnetic Mayhem - Capture The Flag - Easy;Arena - Magnetic Mayhem, Nitro, Easy, Battle;|Magnetic Mayhem|;;
Magnetic Mayhem - Capture The Flag - Medium;Arena - Magnetic Mayhem, Nitro, Medium, Battle;|Magnetic Mayhem|;;
Magnetic Mayhem - Capture The Flag - Hard;Arena - Magnetic Mayhem, Nitro, Hard, Battle;|Magnetic Mayhem|;;
Magnetic Mayhem - Crystal Grab - Easy;Arena - Magnetic Mayhem, Nitro, Easy, Battle;|Magnetic Mayhem|;;
Magnetic Mayhem - Crystal Grab - Medium;Arena - Magnetic Mayhem, Nitro, Medium, Battle;|Magnetic Mayhem|;;
Magnetic Mayhem - Crystal Grab - Hard;Arena - Magnetic Mayhem, Nitro, Hard, Battle;|Magnetic Mayhem|;;
Magnetic Mayhem - Last Kart Driving - Easy;Arena - Magnetic Mayhem, Nitro, Easy, Battle;|Magnetic Mayhem|;;
Magnetic Mayhem - Last Kart Driving - Medium;Arena - Magnetic Mayhem, Nitro, Medium, Battle;|Magnetic Mayhem|;;
Magnetic Mayhem - Last Kart Driving - Hard;Arena - Magnetic Mayhem, Nitro, Hard, Battle;|Magnetic Mayhem|;;
Magnetic Mayhem - Steal The Bacon - Easy;Arena - Magnetic Mayhem, Nitro, Easy, Battle;|Magnetic Mayhem|;;
Magnetic Mayhem - Steal The Bacon - Medium;Arena - Magnetic Mayhem, Nitro, Medium, Battle;|Magnetic Mayhem|;;
Magnetic Mayhem - Steal The Bacon - Hard;Arena - Magnetic Mayhem, Nitro, Hard, Battle;|Magnetic Mayhem|;;
Terra Drome - Limit Battle - Easy;Arena - Terra Drome, Nitro, Easy, Battle;|Terra Drome|;;
Terra Drome - Limit Battle - Medium;Arena - Terra Drome, Nitro, Medium, Battle;|Terra Drome|;;
Terra Drome - Limit Battle - Hard;Arena - Terra Drome, Nitro, Hard, Battle;|Terra Drome|;;
Terra Drome - Capture The Flag - Easy;Arena - Terra Drome, Nitro, Easy, Battle;|Terra Drome|;;
Terra Drome - Capture The Flag - Medium;Arena - Terra Drome, Nitro, Medium, Battle;|Terra Drome|;;
Terra Drome - Capture The Flag - Hard;Arena - Terra Drome, Nitro, Hard, Battle;|Terra Drome|;;
Terra Drome - Crystal Grab - Easy;Arena - Terra Drome, Nitro, Easy, Battle;|Terra Drome|;;
Terra Drome - Crystal Grab - Medium;Arena - Terra Drome, Nitro, Medium, Battle;|Terra Drome|;;
Terra Drome - Crystal Grab - Hard;Arena - Terra Drome, Nitro, Hard, Battle;|Terra Drome|;;
Terra Drome - Last Kart Driving - Easy;Arena - Terra Drome, Nitro, Easy, Battle;|Terra Drome|;;
Terra Drome - Last Kart Driving - Medium;Arena - Terra Drome, Nitro, Medium, Battle;|Terra Drome|;;
Terra Drome - Last Kart Driving - Hard;Arena - Terra Drome, Nitro, Hard, Battle;|Terra Drome|;;
Terra Drome - Steal The Bacon - Easy;Arena - Terra Drome, Nitro, Easy, Battle;|Terra Drome|;;
Terra Drome - Steal The Bacon - Medium;Arena - Terra Drome, Nitro, Medium, Battle;|Terra Drome|;;
Terra Drome - Steal The Bacon - Hard;Arena - Terra Drome, Nitro, Hard, Battle;|Terra Drome|;;
;;;;
Crash Cove Time Trial - Beat N. Tropy;Time Trial - Crash Cove, Time Trial, Classic, N. Tropy;|Crash Cove| and ((|Crash Cove - N. Tropy|) or |Chunk Unlock|);;
Crash Cove Time Trial - Beat Nitros Oxide;Time Trial - Crash Cove, Time Trial, Classic, N. Oxide;|Crash Cove| and ((|Crash Cove - N. Tropy| and |Crash Cove - N. Oxide|) or |Chunk Unlock|);;
Crash Cove Time Trial - Beat Emperor Velo XXVII;Time Trial - Crash Cove, Time Trial, Classic, Velo;|Crash Cove| and ((|Crash Cove - N. Tropy| and |Crash Cove - N. Oxide| and |Crash Cove - Emperor Velo XXVII|) or |Chunk Unlock|);;
Crash Cove Time Trial - Beat Beenox Developer;Time Trial - Crash Cove, Time Trial, Classic, Dev;|Crash Cove| and ((|Crash Cove - N. Tropy| and |Crash Cove - N. Oxide| and |Crash Cove - Emperor Velo XXVII| and |Crash Cove - Beenox Developer|) or |Chunk Unlock|);;
Mystery Caves Time Trial - Beat N. Tropy;Time Trial - Mystery Caves, Time Trial, Classic, N. Tropy;|Mystery Caves| and ((|Mystery Caves - N. Tropy|) or |Chunk Unlock|);;
Mystery Caves Time Trial - Beat Nitros Oxide;Time Trial - Mystery Caves, Time Trial, Classic, N. Oxide;|Mystery Caves| and ((|Mystery Caves - N. Tropy| and |Mystery Caves - N. Oxide|) or |Chunk Unlock|);;
Mystery Caves Time Trial - Beat Emperor Velo XXVII;Time Trial - Mystery Caves, Time Trial, Classic, Velo;|Mystery Caves| and ((|Mystery Caves - N. Tropy| and |Mystery Caves - N. Oxide| and |Mystery Caves - Emperor Velo XXVII|) or |Chunk Unlock|);;
Mystery Caves Time Trial - Beat Beenox Developer;Time Trial - Mystery Caves, Time Trial, Classic, Dev;|Mystery Caves| and ((|Mystery Caves - N. Tropy| and |Mystery Caves - N. Oxide| and |Mystery Caves - Emperor Velo XXVII| and |Mystery Caves - Beenox Developer|) or |Chunk Unlock|);;
Sewer Speedway Time Trial - Beat N. Tropy;Time Trial - Sewer Speedway, Time Trial, Classic, N. Tropy;|Sewer Speedway| and ((|Sewer Speedway - N. Tropy|) or |Chunk Unlock|);;
Sewer Speedway Time Trial - Beat Nitros Oxide;Time Trial - Sewer Speedway, Time Trial, Classic, N. Oxide;|Sewer Speedway| and ((|Sewer Speedway - N. Tropy| and |Sewer Speedway - N. Oxide|) or |Chunk Unlock|);;
Sewer Speedway Time Trial - Beat Emperor Velo XXVII;Time Trial - Sewer Speedway, Time Trial, Classic, Velo;|Sewer Speedway| and ((|Sewer Speedway - N. Tropy| and |Sewer Speedway - N. Oxide| and |Sewer Speedway - Emperor Velo XXVII|) or |Chunk Unlock|);;
Sewer Speedway Time Trial - Beat Beenox Developer;Time Trial - Sewer Speedway, Time Trial, Classic, Dev;|Sewer Speedway| and ((|Sewer Speedway - N. Tropy| and |Sewer Speedway - N. Oxide| and |Sewer Speedway - Emperor Velo XXVII| and |Sewer Speedway - Beenox Developer|) or |Chunk Unlock|);;
Roo's Tubes Time Trial - Beat N. Tropy;Time Trial - Roo's Tubes, Time Trial, Classic, N. Tropy;|Roo's Tubes| and ((|Roo's Tubes - N. Tropy|) or |Chunk Unlock|);;
Roo's Tubes Time Trial - Beat Nitros Oxide;Time Trial - Roo's Tubes, Time Trial, Classic, N. Oxide;|Roo's Tubes| and ((|Roo's Tubes - N. Tropy| and |Roo's Tubes - N. Oxide|) or |Chunk Unlock|);;
Roo's Tubes Time Trial - Beat Emperor Velo XXVII;Time Trial - Roo's Tubes, Time Trial, Classic, Velo;|Roo's Tubes| and ((|Roo's Tubes - N. Tropy| and |Roo's Tubes - N. Oxide| and |Roo's Tubes - Emperor Velo XXVII|) or |Chunk Unlock|);;
Roo's Tubes Time Trial - Beat Beenox Developer;Time Trial - Roo's Tubes, Time Trial, Classic, Dev;|Roo's Tubes| and ((|Roo's Tubes - N. Tropy| and |Roo's Tubes - N. Oxide| and |Roo's Tubes - Emperor Velo XXVII| and |Roo's Tubes - Beenox Developer|) or |Chunk Unlock|);;
Coco Park Time Trial - Beat N. Tropy;Time Trial - Coco Park, Time Trial, Classic, N. Tropy;|Coco Park| and ((|Coco Park - N. Tropy|) or |Chunk Unlock|);;
Coco Park Time Trial - Beat Nitros Oxide;Time Trial - Coco Park, Time Trial, Classic, N. Oxide;|Coco Park| and ((|Coco Park - N. Tropy| and |Coco Park - N. Oxide|) or |Chunk Unlock|);;
Coco Park Time Trial - Beat Emperor Velo XXVII;Time Trial - Coco Park, Time Trial, Classic, Velo;|Coco Park| and ((|Coco Park - N. Tropy| and |Coco Park - N. Oxide| and |Coco Park - Emperor Velo XXVII|) or |Chunk Unlock|);;
Coco Park Time Trial - Beat Beenox Developer;Time Trial - Coco Park, Time Trial, Classic, Dev;|Coco Park| and ((|Coco Park - N. Tropy| and |Coco Park - N. Oxide| and |Coco Park - Emperor Velo XXVII| and |Coco Park - Beenox Developer|) or |Chunk Unlock|);;
Tiger Temple Time Trial - Beat N. Tropy;Time Trial - Tiger Temple, Time Trial, Classic, N. Tropy;|Tiger Temple| and ((|Tiger Temple - N. Tropy|) or |Chunk Unlock|);;
Tiger Temple Time Trial - Beat Nitros Oxide;Time Trial - Tiger Temple, Time Trial, Classic, N. Oxide;|Tiger Temple| and ((|Tiger Temple - N. Tropy| and |Tiger Temple - N. Oxide|) or |Chunk Unlock|);;
Tiger Temple Time Trial - Beat Emperor Velo XXVII;Time Trial - Tiger Temple, Time Trial, Classic, Velo;|Tiger Temple| and ((|Tiger Temple - N. Tropy| and |Tiger Temple - N. Oxide| and |Tiger Temple - Emperor Velo XXVII|) or |Chunk Unlock|);;
Tiger Temple Time Trial - Beat Beenox Developer;Time Trial - Tiger Temple, Time Trial, Classic, Dev;|Tiger Temple| and ((|Tiger Temple - N. Tropy| and |Tiger Temple - N. Oxide| and |Tiger Temple - Emperor Velo XXVII| and |Tiger Temple - Beenox Developer|) or |Chunk Unlock|);;
Papu's Pyramid Time Trial - Beat N. Tropy;Time Trial - Papu's Pyramid, Time Trial, Classic, N. Tropy;|Papu's Pyramid| and ((|Papu's Pyramid - N. Tropy|) or |Chunk Unlock|);;
Papu's Pyramid Time Trial - Beat Nitros Oxide;Time Trial - Papu's Pyramid, Time Trial, Classic, N. Oxide;|Papu's Pyramid| and ((|Papu's Pyramid - N. Tropy| and |Papu's Pyramid - N. Oxide|) or |Chunk Unlock|);;
Papu's Pyramid Time Trial - Beat Emperor Velo XXVII;Time Trial - Papu's Pyramid, Time Trial, Classic, Velo;|Papu's Pyramid| and ((|Papu's Pyramid - N. Tropy| and |Papu's Pyramid - N. Oxide| and |Papu's Pyramid - Emperor Velo XXVII|) or |Chunk Unlock|);;
Papu's Pyramid Time Trial - Beat Beenox Developer;Time Trial - Papu's Pyramid, Time Trial, Classic, Dev;|Papu's Pyramid| and ((|Papu's Pyramid - N. Tropy| and |Papu's Pyramid - N. Oxide| and |Papu's Pyramid - Emperor Velo XXVII| and |Papu's Pyramid - Beenox Developer|) or |Chunk Unlock|);;
Dingo Canyon Time Trial - Beat N. Tropy;Time Trial - Dingo Canyon, Time Trial, Classic, N. Tropy;|Dingo Canyon| and ((|Dingo Canyon - N. Tropy|) or |Chunk Unlock|);;
Dingo Canyon Time Trial - Beat Nitros Oxide;Time Trial - Dingo Canyon, Time Trial, Classic, N. Oxide;|Dingo Canyon| and ((|Dingo Canyon - N. Tropy| and |Dingo Canyon - N. Oxide|) or |Chunk Unlock|);;
Dingo Canyon Time Trial - Beat Emperor Velo XXVII;Time Trial - Dingo Canyon, Time Trial, Classic, Velo;|Dingo Canyon| and ((|Dingo Canyon - N. Tropy| and |Dingo Canyon - N. Oxide| and |Dingo Canyon - Emperor Velo XXVII|) or |Chunk Unlock|);;
Dingo Canyon Time Trial - Beat Beenox Developer;Time Trial - Dingo Canyon, Time Trial, Classic, Dev;|Dingo Canyon| and ((|Dingo Canyon - N. Tropy| and |Dingo Canyon - N. Oxide| and |Dingo Canyon - Emperor Velo XXVII| and |Dingo Canyon - Beenox Developer|) or |Chunk Unlock|);;
Polar Pass Time Trial - Beat N. Tropy;Time Trial - Polar Pass, Time Trial, Classic, N. Tropy;|Polar Pass| and ((|Polar Pass - N. Tropy|) or |Chunk Unlock|);;
Polar Pass Time Trial - Beat Nitros Oxide;Time Trial - Polar Pass, Time Trial, Classic, N. Oxide;|Polar Pass| and ((|Polar Pass - N. Tropy| and |Polar Pass - N. Oxide|) or |Chunk Unlock|);;
Polar Pass Time Trial - Beat Emperor Velo XXVII;Time Trial - Polar Pass, Time Trial, Classic, Velo;|Polar Pass| and ((|Polar Pass - N. Tropy| and |Polar Pass - N. Oxide| and |Polar Pass - Emperor Velo XXVII|) or |Chunk Unlock|);;
Polar Pass Time Trial - Beat Beenox Developer;Time Trial - Polar Pass, Time Trial, Classic, Dev;|Polar Pass| and ((|Polar Pass - N. Tropy| and |Polar Pass - N. Oxide| and |Polar Pass - Emperor Velo XXVII| and |Polar Pass - Beenox Developer|) or |Chunk Unlock|);;
Tiny Arena Time Trial - Beat N. Tropy;Time Trial - Tiny Arena, Time Trial, Classic, N. Tropy;|Tiny Arena| and ((|Tiny Arena - N. Tropy|) or |Chunk Unlock|);;
Tiny Arena Time Trial - Beat Nitros Oxide;Time Trial - Tiny Arena, Time Trial, Classic, N. Oxide;|Tiny Arena| and ((|Tiny Arena - N. Tropy| and |Tiny Arena - N. Oxide|) or |Chunk Unlock|);;
Tiny Arena Time Trial - Beat Emperor Velo XXVII;Time Trial - Tiny Arena, Time Trial, Classic, Velo;|Tiny Arena| and ((|Tiny Arena - N. Tropy| and |Tiny Arena - N. Oxide| and |Tiny Arena - Emperor Velo XXVII|) or |Chunk Unlock|);;
Tiny Arena Time Trial - Beat Beenox Developer;Time Trial - Tiny Arena, Time Trial, Classic, Dev;|Tiny Arena| and ((|Tiny Arena - N. Tropy| and |Tiny Arena - N. Oxide| and |Tiny Arena - Emperor Velo XXVII| and |Tiny Arena - Beenox Developer|) or |Chunk Unlock|);;
Dragon Mines Time Trial - Beat N. Tropy;Time Trial - Dragon Mines, Time Trial, Classic, N. Tropy;|Dragon Mines| and ((|Dragon Mines - N. Tropy|) or |Chunk Unlock|);;
Dragon Mines Time Trial - Beat Nitros Oxide;Time Trial - Dragon Mines, Time Trial, Classic, N. Oxide;|Dragon Mines| and ((|Dragon Mines - N. Tropy| and |Dragon Mines - N. Oxide|) or |Chunk Unlock|);;
Dragon Mines Time Trial - Beat Emperor Velo XXVII;Time Trial - Dragon Mines, Time Trial, Classic, Velo;|Dragon Mines| and ((|Dragon Mines - N. Tropy| and |Dragon Mines - N. Oxide| and |Dragon Mines - Emperor Velo XXVII|) or |Chunk Unlock|);;
Dragon Mines Time Trial - Beat Beenox Developer;Time Trial - Dragon Mines, Time Trial, Classic, Dev;|Dragon Mines| and ((|Dragon Mines - N. Tropy| and |Dragon Mines - N. Oxide| and |Dragon Mines - Emperor Velo XXVII| and |Dragon Mines - Beenox Developer|) or |Chunk Unlock|);;
Blizzard Bluff Time Trial - Beat N. Tropy;Time Trial - Blizzard Bluff, Time Trial, Classic, N. Tropy;|Blizzard Bluff| and ((|Blizzard Bluff - N. Tropy|) or |Chunk Unlock|);;
Blizzard Bluff Time Trial - Beat Nitros Oxide;Time Trial - Blizzard Bluff, Time Trial, Classic, N. Oxide;|Blizzard Bluff| and ((|Blizzard Bluff - N. Tropy| and |Blizzard Bluff - N. Oxide|) or |Chunk Unlock|);;
Blizzard Bluff Time Trial - Beat Emperor Velo XXVII;Time Trial - Blizzard Bluff, Time Trial, Classic, Velo;|Blizzard Bluff| and ((|Blizzard Bluff - N. Tropy| and |Blizzard Bluff - N. Oxide| and |Blizzard Bluff - Emperor Velo XXVII|) or |Chunk Unlock|);;
Blizzard Bluff Time Trial - Beat Beenox Developer;Time Trial - Blizzard Bluff, Time Trial, Classic, Dev;|Blizzard Bluff| and ((|Blizzard Bluff - N. Tropy| and |Blizzard Bluff - N. Oxide| and |Blizzard Bluff - Emperor Velo XXVII| and |Blizzard Bluff - Beenox Developer|) or |Chunk Unlock|);;
Hot Air Skyway Time Trial - Beat N. Tropy;Time Trial - Hot Air Skyway, Time Trial, Classic, N. Tropy;|Hot Air Skyway| and ((|Hot Air Skyway - N. Tropy|) or |Chunk Unlock|);;
Hot Air Skyway Time Trial - Beat Nitros Oxide;Time Trial - Hot Air Skyway, Time Trial, Classic, N. Oxide;|Hot Air Skyway| and ((|Hot Air Skyway - N. Tropy| and |Hot Air Skyway - N. Oxide|) or |Chunk Unlock|);;
Hot Air Skyway Time Trial - Beat Emperor Velo XXVII;Time Trial - Hot Air Skyway, Time Trial, Classic, Velo;|Hot Air Skyway| and ((|Hot Air Skyway - N. Tropy| and |Hot Air Skyway - N. Oxide| and |Hot Air Skyway - Emperor Velo XXVII|) or |Chunk Unlock|);;
Hot Air Skyway Time Trial - Beat Beenox Developer;Time Trial - Hot Air Skyway, Time Trial, Classic, Dev;|Hot Air Skyway| and ((|Hot Air Skyway - N. Tropy| and |Hot Air Skyway - N. Oxide| and |Hot Air Skyway - Emperor Velo XXVII| and |Hot Air Skyway - Beenox Developer|) or |Chunk Unlock|);;
Cortex Castle Time Trial - Beat N. Tropy;Time Trial - Cortex Castle, Time Trial, Classic, N. Tropy;|Cortex Castle| and ((|Cortex Castle - N. Tropy|) or |Chunk Unlock|);;
Cortex Castle Time Trial - Beat Nitros Oxide;Time Trial - Cortex Castle, Time Trial, Classic, N. Oxide;|Cortex Castle| and ((|Cortex Castle - N. Tropy| and |Cortex Castle - N. Oxide|) or |Chunk Unlock|);;
Cortex Castle Time Trial - Beat Emperor Velo XXVII;Time Trial - Cortex Castle, Time Trial, Classic, Velo;|Cortex Castle| and ((|Cortex Castle - N. Tropy| and |Cortex Castle - N. Oxide| and |Cortex Castle - Emperor Velo XXVII|) or |Chunk Unlock|);;
Cortex Castle Time Trial - Beat Beenox Developer;Time Trial - Cortex Castle, Time Trial, Classic, Dev;|Cortex Castle| and ((|Cortex Castle - N. Tropy| and |Cortex Castle - N. Oxide| and |Cortex Castle - Emperor Velo XXVII| and |Cortex Castle - Beenox Developer|) or |Chunk Unlock|);;
N. Gin Labs Time Trial - Beat N. Tropy;Time Trial - N. Gin Labs, Time Trial, Classic, N. Tropy;|N. Gin Labs| and ((|N. Gin Labs - N. Tropy|) or |Chunk Unlock|);;
N. Gin Labs Time Trial - Beat Nitros Oxide;Time Trial - N. Gin Labs, Time Trial, Classic, N. Oxide;|N. Gin Labs| and ((|N. Gin Labs - N. Tropy| and |N. Gin Labs - N. Oxide|) or |Chunk Unlock|);;
N. Gin Labs Time Trial - Beat Emperor Velo XXVII;Time Trial - N. Gin Labs, Time Trial, Classic, Velo;|N. Gin Labs| and ((|N. Gin Labs - N. Tropy| and |N. Gin Labs - N. Oxide| and |N. Gin Labs - Emperor Velo XXVII|) or |Chunk Unlock|);;
N. Gin Labs Time Trial - Beat Beenox Developer;Time Trial - N. Gin Labs, Time Trial, Classic, Dev;|N. Gin Labs| and ((|N. Gin Labs - N. Tropy| and |N. Gin Labs - N. Oxide| and |N. Gin Labs - Emperor Velo XXVII| and |N. Gin Labs - Beenox Developer|) or |Chunk Unlock|);;
Slide Coliseum Time Trial - Beat N. Tropy;Time Trial - Slide Coliseum, Time Trial, Classic, N. Tropy;|Slide Coliseum| and ((|Slide Coliseum - N. Tropy|) or |Chunk Unlock|);;
Slide Coliseum Time Trial - Beat Nitros Oxide;Time Trial - Slide Coliseum, Time Trial, Classic, N. Oxide;|Slide Coliseum| and ((|Slide Coliseum - N. Tropy| and |Slide Coliseum - N. Oxide|) or |Chunk Unlock|);;
Slide Coliseum Time Trial - Beat Emperor Velo XXVII;Time Trial - Slide Coliseum, Time Trial, Classic, Velo;|Slide Coliseum| and ((|Slide Coliseum - N. Tropy| and |Slide Coliseum - N. Oxide| and |Slide Coliseum - Emperor Velo XXVII|) or |Chunk Unlock|);;
Slide Coliseum Time Trial - Beat Beenox Developer;Time Trial - Slide Coliseum, Time Trial, Classic, Dev;|Slide Coliseum| and ((|Slide Coliseum - N. Tropy| and |Slide Coliseum - N. Oxide| and |Slide Coliseum - Emperor Velo XXVII| and |Slide Coliseum - Beenox Developer|) or |Chunk Unlock|);;
Turbo Track Time Trial - Beat N. Tropy;Time Trial - Turbo Track, Time Trial, Classic, N. Tropy;|Turbo Track| and ((|Turbo Track - N. Tropy|) or |Chunk Unlock|);;
Turbo Track Time Trial - Beat Nitros Oxide;Time Trial - Turbo Track, Time Trial, Classic, N. Oxide;|Turbo Track| and ((|Turbo Track - N. Tropy| and |Turbo Track - N. Oxide|) or |Chunk Unlock|);;
Turbo Track Time Trial - Beat Emperor Velo XXVII;Time Trial - Turbo Track, Time Trial, Classic, Velo;|Turbo Track| and ((|Turbo Track - N. Tropy| and |Turbo Track - N. Oxide| and |Turbo Track - Emperor Velo XXVII|) or |Chunk Unlock|);;
Turbo Track Time Trial - Beat Beenox Developer;Time Trial - Turbo Track, Time Trial, Classic, Dev;|Turbo Track| and ((|Turbo Track - N. Tropy| and |Turbo Track - N. Oxide| and |Turbo Track - Emperor Velo XXVII| and |Turbo Track - Beenox Developer|) or |Chunk Unlock|);;
Oxide Station Time Trial - Beat N. Tropy;Time Trial - Oxide Station, Time Trial, Classic, N. Tropy;|Oxide Station| and ((|Oxide Station - N. Tropy|) or |Chunk Unlock|);;
Oxide Station Time Trial - Beat Nitros Oxide;Time Trial - Oxide Station, Time Trial, Classic, N. Oxide;|Oxide Station| and ((|Oxide Station - N. Tropy| and |Oxide Station - N. Oxide|) or |Chunk Unlock|);;
Oxide Station Time Trial - Beat Emperor Velo XXVII;Time Trial - Oxide Station, Time Trial, Classic, Velo;|Oxide Station| and ((|Oxide Station - N. Tropy| and |Oxide Station - N. Oxide| and |Oxide Station - Emperor Velo XXVII|) or |Chunk Unlock|);;
Oxide Station Time Trial - Beat Beenox Developer;Time Trial - Oxide Station, Time Trial, Classic, Dev;|Oxide Station| and ((|Oxide Station - N. Tropy| and |Oxide Station - N. Oxide| and |Oxide Station - Emperor Velo XXVII| and |Oxide Station - Beenox Developer|) or |Chunk Unlock|);;
Inferno Island Time Trial - Beat N. Tropy;Time Trial - Inferno Island, Time Trial, Nitro, N. Tropy;|Inferno Island| and ((|Inferno Island - N. Tropy|) or |Chunk Unlock|);;
Inferno Island Time Trial - Beat Nitros Oxide;Time Trial - Inferno Island, Time Trial, Nitro, N. Oxide;|Inferno Island| and ((|Inferno Island - N. Tropy| and |Inferno Island - N. Oxide|) or |Chunk Unlock|);;
Inferno Island Time Trial - Beat Emperor Velo XXVII;Time Trial - Inferno Island, Time Trial, Nitro, Velo;|Inferno Island| and ((|Inferno Island - N. Tropy| and |Inferno Island - N. Oxide| and |Inferno Island - Emperor Velo XXVII|) or |Chunk Unlock|);;
Inferno Island Time Trial - Beat Beenox Developer;Time Trial - Inferno Island, Time Trial, Nitro, Dev;|Inferno Island| and ((|Inferno Island - N. Tropy| and |Inferno Island - N. Oxide| and |Inferno Island - Emperor Velo XXVII| and |Inferno Island - Beenox Developer|) or |Chunk Unlock|);;
Jungle Boogie Time Trial - Beat N. Tropy;Time Trial - Jungle Boogie, Time Trial, Nitro, N. Tropy;|Jungle Boogie| and ((|Jungle Boogie - N. Tropy|) or |Chunk Unlock|);;
Jungle Boogie Time Trial - Beat Nitros Oxide;Time Trial - Jungle Boogie, Time Trial, Nitro, N. Oxide;|Jungle Boogie| and ((|Jungle Boogie - N. Tropy| and |Jungle Boogie - N. Oxide|) or |Chunk Unlock|);;
Jungle Boogie Time Trial - Beat Emperor Velo XXVII;Time Trial - Jungle Boogie, Time Trial, Nitro, Velo;|Jungle Boogie| and ((|Jungle Boogie - N. Tropy| and |Jungle Boogie - N. Oxide| and |Jungle Boogie - Emperor Velo XXVII|) or |Chunk Unlock|);;
Jungle Boogie Time Trial - Beat Beenox Developer;Time Trial - Jungle Boogie, Time Trial, Nitro, Dev;|Jungle Boogie| and ((|Jungle Boogie - N. Tropy| and |Jungle Boogie - N. Oxide| and |Jungle Boogie - Emperor Velo XXVII| and |Jungle Boogie - Beenox Developer|) or |Chunk Unlock|);;
Clockwork Wumpa Time Trial - Beat N. Tropy;Time Trial - Clockwork Wumpa, Time Trial, Nitro, N. Tropy;|Clockwork Wumpa| and ((|Clockwork Wumpa - N. Tropy|) or |Chunk Unlock|);;
Clockwork Wumpa Time Trial - Beat Nitros Oxide;Time Trial - Clockwork Wumpa, Time Trial, Nitro, N. Oxide;|Clockwork Wumpa| and ((|Clockwork Wumpa - N. Tropy| and |Clockwork Wumpa - N. Oxide|) or |Chunk Unlock|);;
Clockwork Wumpa Time Trial - Beat Emperor Velo XXVII;Time Trial - Clockwork Wumpa, Time Trial, Nitro, Velo;|Clockwork Wumpa| and ((|Clockwork Wumpa - N. Tropy| and |Clockwork Wumpa - N. Oxide| and |Clockwork Wumpa - Emperor Velo XXVII|) or |Chunk Unlock|);;
Clockwork Wumpa Time Trial - Beat Beenox Developer;Time Trial - Clockwork Wumpa, Time Trial, Nitro, Dev;|Clockwork Wumpa| and ((|Clockwork Wumpa - N. Tropy| and |Clockwork Wumpa - N. Oxide| and |Clockwork Wumpa - Emperor Velo XXVII| and |Clockwork Wumpa - Beenox Developer|) or |Chunk Unlock|);;
Android Alley Time Trial - Beat N. Tropy;Time Trial - Android Alley, Time Trial, Nitro, N. Tropy;|Android Alley| and ((|Android Alley - N. Tropy|) or |Chunk Unlock|);;
Android Alley Time Trial - Beat Nitros Oxide;Time Trial - Android Alley, Time Trial, Nitro, N. Oxide;|Android Alley| and ((|Android Alley - N. Tropy| and |Android Alley - N. Oxide|) or |Chunk Unlock|);;
Android Alley Time Trial - Beat Emperor Velo XXVII;Time Trial - Android Alley, Time Trial, Nitro, Velo;|Android Alley| and ((|Android Alley - N. Tropy| and |Android Alley - N. Oxide| and |Android Alley - Emperor Velo XXVII|) or |Chunk Unlock|);;
Android Alley Time Trial - Beat Beenox Developer;Time Trial - Android Alley, Time Trial, Nitro, Dev;|Android Alley| and ((|Android Alley - N. Tropy| and |Android Alley - N. Oxide| and |Android Alley - Emperor Velo XXVII| and |Android Alley - Beenox Developer|) or |Chunk Unlock|);;
Electron Avenue Time Trial - Beat N. Tropy;Time Trial - Electron Avenue, Time Trial, Nitro, N. Tropy;|Electron Avenue| and ((|Electron Avenue - N. Tropy|) or |Chunk Unlock|);;
Electron Avenue Time Trial - Beat Nitros Oxide;Time Trial - Electron Avenue, Time Trial, Nitro, N. Oxide;|Electron Avenue| and ((|Electron Avenue - N. Tropy| and |Electron Avenue - N. Oxide|) or |Chunk Unlock|);;
Electron Avenue Time Trial - Beat Emperor Velo XXVII;Time Trial - Electron Avenue, Time Trial, Nitro, Velo;|Electron Avenue| and ((|Electron Avenue - N. Tropy| and |Electron Avenue - N. Oxide| and |Electron Avenue - Emperor Velo XXVII|) or |Chunk Unlock|);;
Electron Avenue Time Trial - Beat Beenox Developer;Time Trial - Electron Avenue, Time Trial, Nitro, Dev;|Electron Avenue| and ((|Electron Avenue - N. Tropy| and |Electron Avenue - N. Oxide| and |Electron Avenue - Emperor Velo XXVII| and |Electron Avenue - Beenox Developer|) or |Chunk Unlock|);;
Deep Sea Driving Time Trial - Beat N. Tropy;Time Trial - Deep Sea Driving, Time Trial, Nitro, N. Tropy;|Deep Sea Driving| and ((|Deep Sea Driving - N. Tropy|) or |Chunk Unlock|);;
Deep Sea Driving Time Trial - Beat Nitros Oxide;Time Trial - Deep Sea Driving, Time Trial, Nitro, N. Oxide;|Deep Sea Driving| and ((|Deep Sea Driving - N. Tropy| and |Deep Sea Driving - N. Oxide|) or |Chunk Unlock|);;
Deep Sea Driving Time Trial - Beat Emperor Velo XXVII;Time Trial - Deep Sea Driving, Time Trial, Nitro, Velo;|Deep Sea Driving| and ((|Deep Sea Driving - N. Tropy| and |Deep Sea Driving - N. Oxide| and |Deep Sea Driving - Emperor Velo XXVII|) or |Chunk Unlock|);;
Deep Sea Driving Time Trial - Beat Beenox Developer;Time Trial - Deep Sea Driving, Time Trial, Nitro, Dev;|Deep Sea Driving| and ((|Deep Sea Driving - N. Tropy| and |Deep Sea Driving - N. Oxide| and |Deep Sea Driving - Emperor Velo XXVII| and |Deep Sea Driving - Beenox Developer|) or |Chunk Unlock|);;
Thunder Struck Time Trial - Beat N. Tropy;Time Trial - Thunder Struck, Time Trial, Nitro, N. Tropy;|Thunder Struck| and ((|Thunder Struck - N. Tropy|) or |Chunk Unlock|);;
Thunder Struck Time Trial - Beat Nitros Oxide;Time Trial - Thunder Struck, Time Trial, Nitro, N. Oxide;|Thunder Struck| and ((|Thunder Struck - N. Tropy| and |Thunder Struck - N. Oxide|) or |Chunk Unlock|);;
Thunder Struck Time Trial - Beat Emperor Velo XXVII;Time Trial - Thunder Struck, Time Trial, Nitro, Velo;|Thunder Struck| and ((|Thunder Struck - N. Tropy| and |Thunder Struck - N. Oxide| and |Thunder Struck - Emperor Velo XXVII|) or |Chunk Unlock|);;
Thunder Struck Time Trial - Beat Beenox Developer;Time Trial - Thunder Struck, Time Trial, Nitro, Dev;|Thunder Struck| and ((|Thunder Struck - N. Tropy| and |Thunder Struck - N. Oxide| and |Thunder Struck - Emperor Velo XXVII| and |Thunder Struck - Beenox Developer|) or |Chunk Unlock|);;
Tiny Temple Time Trial - Beat N. Tropy;Time Trial - Tiny Temple, Time Trial, Nitro, N. Tropy;|Tiny Temple| and ((|Tiny Temple - N. Tropy|) or |Chunk Unlock|);;
Tiny Temple Time Trial - Beat Nitros Oxide;Time Trial - Tiny Temple, Time Trial, Nitro, N. Oxide;|Tiny Temple| and ((|Tiny Temple - N. Tropy| and |Tiny Temple - N. Oxide|) or |Chunk Unlock|);;
Tiny Temple Time Trial - Beat Emperor Velo XXVII;Time Trial - Tiny Temple, Time Trial, Nitro, Velo;|Tiny Temple| and ((|Tiny Temple - N. Tropy| and |Tiny Temple - N. Oxide| and |Tiny Temple - Emperor Velo XXVII|) or |Chunk Unlock|);;
Tiny Temple Time Trial - Beat Beenox Developer;Time Trial - Tiny Temple, Time Trial, Nitro, Dev;|Tiny Temple| and ((|Tiny Temple - N. Tropy| and |Tiny Temple - N. Oxide| and |Tiny Temple - Emperor Velo XXVII| and |Tiny Temple - Beenox Developer|) or |Chunk Unlock|);;
Meteor Gorge Time Trial - Beat N. Tropy;Time Trial - Meteor Gorge, Time Trial, Nitro, N. Tropy;|Meteor Gorge| and ((|Meteor Gorge - N. Tropy|) or |Chunk Unlock|);;
Meteor Gorge Time Trial - Beat Nitros Oxide;Time Trial - Meteor Gorge, Time Trial, Nitro, N. Oxide;|Meteor Gorge| and ((|Meteor Gorge - N. Tropy| and |Meteor Gorge - N. Oxide|) or |Chunk Unlock|);;
Meteor Gorge Time Trial - Beat Emperor Velo XXVII;Time Trial - Meteor Gorge, Time Trial, Nitro, Velo;|Meteor Gorge| and ((|Meteor Gorge - N. Tropy| and |Meteor Gorge - N. Oxide| and |Meteor Gorge - Emperor Velo XXVII|) or |Chunk Unlock|);;
Meteor Gorge Time Trial - Beat Beenox Developer;Time Trial - Meteor Gorge, Time Trial, Nitro, Dev;|Meteor Gorge| and ((|Meteor Gorge - N. Tropy| and |Meteor Gorge - N. Oxide| and |Meteor Gorge - Emperor Velo XXVII| and |Meteor Gorge - Beenox Developer|) or |Chunk Unlock|);;
Barin Ruins Time Trial - Beat N. Tropy;Time Trial - Barin Ruins, Time Trial, Nitro, N. Tropy;|Barin Ruins| and ((|Barin Ruins - N. Tropy|) or |Chunk Unlock|);;
Barin Ruins Time Trial - Beat Nitros Oxide;Time Trial - Barin Ruins, Time Trial, Nitro, N. Oxide;|Barin Ruins| and ((|Barin Ruins - N. Tropy| and |Barin Ruins - N. Oxide|) or |Chunk Unlock|);;
Barin Ruins Time Trial - Beat Emperor Velo XXVII;Time Trial - Barin Ruins, Time Trial, Nitro, Velo;|Barin Ruins| and ((|Barin Ruins - N. Tropy| and |Barin Ruins - N. Oxide| and |Barin Ruins - Emperor Velo XXVII|) or |Chunk Unlock|);;
Barin Ruins Time Trial - Beat Beenox Developer;Time Trial - Barin Ruins, Time Trial, Nitro, Dev;|Barin Ruins| and ((|Barin Ruins - N. Tropy| and |Barin Ruins - N. Oxide| and |Barin Ruins - Emperor Velo XXVII| and |Barin Ruins - Beenox Developer|) or |Chunk Unlock|);;
Out Of Time Time Trial - Beat N. Tropy;Time Trial - Out Of Time, Time Trial, Nitro, N. Tropy;|Out Of Time| and ((|Out Of Time - N. Tropy|) or |Chunk Unlock|);;
Out Of Time Time Trial - Beat Nitros Oxide;Time Trial - Out Of Time, Time Trial, Nitro, N. Oxide;|Out Of Time| and ((|Out Of Time - N. Tropy| and |Out Of Time - N. Oxide|) or |Chunk Unlock|);;
Out Of Time Time Trial - Beat Emperor Velo XXVII;Time Trial - Out Of Time, Time Trial, Nitro, Velo;|Out Of Time| and ((|Out Of Time - N. Tropy| and |Out Of Time - N. Oxide| and |Out Of Time - Emperor Velo XXVII|) or |Chunk Unlock|);;
Out Of Time Time Trial - Beat Beenox Developer;Time Trial - Out Of Time, Time Trial, Nitro, Dev;|Out Of Time| and ((|Out Of Time - N. Tropy| and |Out Of Time - N. Oxide| and |Out Of Time - Emperor Velo XXVII| and |Out Of Time - Beenox Developer|) or |Chunk Unlock|);;
Assembly Lane Time Trial - Beat N. Tropy;Time Trial - Assembly Lane, Time Trial, Nitro, N. Tropy;|Assembly Lane| and ((|Assembly Lane - N. Tropy|) or |Chunk Unlock|);;
Assembly Lane Time Trial - Beat Nitros Oxide;Time Trial - Assembly Lane, Time Trial, Nitro, N. Oxide;|Assembly Lane| and ((|Assembly Lane - N. Tropy| and |Assembly Lane - N. Oxide|) or |Chunk Unlock|);;
Assembly Lane Time Trial - Beat Emperor Velo XXVII;Time Trial - Assembly Lane, Time Trial, Nitro, Velo;|Assembly Lane| and ((|Assembly Lane - N. Tropy| and |Assembly Lane - N. Oxide| and |Assembly Lane - Emperor Velo XXVII|) or |Chunk Unlock|);;
Assembly Lane Time Trial - Beat Beenox Developer;Time Trial - Assembly Lane, Time Trial, Nitro, Dev;|Assembly Lane| and ((|Assembly Lane - N. Tropy| and |Assembly Lane - N. Oxide| and |Assembly Lane - Emperor Velo XXVII| and |Assembly Lane - Beenox Developer|) or |Chunk Unlock|);;
Hyper Spaceway Time Trial - Beat N. Tropy;Time Trial - Hyper Spaceway, Time Trial, Nitro, N. Tropy;|Hyper Spaceway| and ((|Hyper Spaceway - N. Tropy|) or |Chunk Unlock|);;
Hyper Spaceway Time Trial - Beat Nitros Oxide;Time Trial - Hyper Spaceway, Time Trial, Nitro, N. Oxide;|Hyper Spaceway| and ((|Hyper Spaceway - N. Tropy| and |Hyper Spaceway - N. Oxide|) or |Chunk Unlock|);;
Hyper Spaceway Time Trial - Beat Emperor Velo XXVII;Time Trial - Hyper Spaceway, Time Trial, Nitro, Velo;|Hyper Spaceway| and ((|Hyper Spaceway - N. Tropy| and |Hyper Spaceway - N. Oxide| and |Hyper Spaceway - Emperor Velo XXVII|) or |Chunk Unlock|);;
Hyper Spaceway Time Trial - Beat Beenox Developer;Time Trial - Hyper Spaceway, Time Trial, Nitro, Dev;|Hyper Spaceway| and ((|Hyper Spaceway - N. Tropy| and |Hyper Spaceway - N. Oxide| and |Hyper Spaceway - Emperor Velo XXVII| and |Hyper Spaceway - Beenox Developer|) or |Chunk Unlock|);;
Twilight Tour Time Trial - Beat N. Tropy;Time Trial - Twilight Tour, Time Trial, Bonus, N. Tropy;|Twilight Tour| and ((|Twilight Tour - N. Tropy|) or |Chunk Unlock|);;
Twilight Tour Time Trial - Beat Nitros Oxide;Time Trial - Twilight Tour, Time Trial, Bonus, N. Oxide;|Twilight Tour| and ((|Twilight Tour - N. Tropy| and |Twilight Tour - N. Oxide|) or |Chunk Unlock|);;
Twilight Tour Time Trial - Beat Emperor Velo XXVII;Time Trial - Twilight Tour, Time Trial, Bonus, Velo;|Twilight Tour| and ((|Twilight Tour - N. Tropy| and |Twilight Tour - N. Oxide| and |Twilight Tour - Emperor Velo XXVII|) or |Chunk Unlock|);;
Twilight Tour Time Trial - Beat Beenox Developer;Time Trial - Twilight Tour, Time Trial, Bonus, Dev;|Twilight Tour| and ((|Twilight Tour - N. Tropy| and |Twilight Tour - N. Oxide| and |Twilight Tour - Emperor Velo XXVII| and |Twilight Tour - Beenox Developer|) or |Chunk Unlock|);;
Prehistoric Playground Time Trial - Beat N. Tropy;Time Trial - Prehistoric Playground, Time Trial, Bonus, N. Tropy;|Prehistoric Playground| and ((|Prehistoric Playground - N. Tropy|) or |Chunk Unlock|);;
Prehistoric Playground Time Trial - Beat Nitros Oxide;Time Trial - Prehistoric Playground, Time Trial, Bonus, N. Oxide;|Prehistoric Playground| and ((|Prehistoric Playground - N. Tropy| and |Prehistoric Playground - N. Oxide|) or |Chunk Unlock|);;
Prehistoric Playground Time Trial - Beat Emperor Velo XXVII;Time Trial - Prehistoric Playground, Time Trial, Bonus, Velo;|Prehistoric Playground| and ((|Prehistoric Playground - N. Tropy| and |Prehistoric Playground - N. Oxide| and |Prehistoric Playground - Emperor Velo XXVII|) or |Chunk Unlock|);;
Prehistoric Playground Time Trial - Beat Beenox Developer;Time Trial - Prehistoric Playground, Time Trial, Bonus, Dev;|Prehistoric Playground| and ((|Prehistoric Playground - N. Tropy| and |Prehistoric Playground - N. Oxide| and |Prehistoric Playground - Emperor Velo XXVII| and |Prehistoric Playground - Beenox Developer|) or |Chunk Unlock|);;
Spyro Circuit Time Trial - Beat N. Tropy;Time Trial - Spyro Circuit, Time Trial, Bonus, N. Tropy;|Spyro Circuit| and ((|Spyro Circuit - N. Tropy|) or |Chunk Unlock|);;
Spyro Circuit Time Trial - Beat Nitros Oxide;Time Trial - Spyro Circuit, Time Trial, Bonus, N. Oxide;|Spyro Circuit| and ((|Spyro Circuit - N. Tropy| and |Spyro Circuit - N. Oxide|) or |Chunk Unlock|);;
Spyro Circuit Time Trial - Beat Emperor Velo XXVII;Time Trial - Spyro Circuit, Time Trial, Bonus, Velo;|Spyro Circuit| and ((|Spyro Circuit - N. Tropy| and |Spyro Circuit - N. Oxide| and |Spyro Circuit - Emperor Velo XXVII|) or |Chunk Unlock|);;
Spyro Circuit Time Trial - Beat Beenox Developer;Time Trial - Spyro Circuit, Time Trial, Bonus, Dev;|Spyro Circuit| and ((|Spyro Circuit - N. Tropy| and |Spyro Circuit - N. Oxide| and |Spyro Circuit - Emperor Velo XXVII| and |Spyro Circuit - Beenox Developer|) or |Chunk Unlock|);;
Nina's Nightmare Time Trial - Beat N. Tropy;Time Trial - Nina's Nightmare, Time Trial, Bonus, N. Tropy;|Nina's Nightmare| and ((|Nina's Nightmare - N. Tropy|) or |Chunk Unlock|);;
Nina's Nightmare Time Trial - Beat Nitros Oxide;Time Trial - Nina's Nightmare, Time Trial, Bonus, N. Oxide;|Nina's Nightmare| and ((|Nina's Nightmare - N. Tropy| and |Nina's Nightmare - N. Oxide|) or |Chunk Unlock|);;
Nina's Nightmare Time Trial - Beat Emperor Velo XXVII;Time Trial - Nina's Nightmare, Time Trial, Bonus, Velo;|Nina's Nightmare| and ((|Nina's Nightmare - N. Tropy| and |Nina's Nightmare - N. Oxide| and |Nina's Nightmare - Emperor Velo XXVII|) or |Chunk Unlock|);;
Nina's Nightmare Time Trial - Beat Beenox Developer;Time Trial - Nina's Nightmare, Time Trial, Bonus, Dev;|Nina's Nightmare| and ((|Nina's Nightmare - N. Tropy| and |Nina's Nightmare - N. Oxide| and |Nina's Nightmare - Emperor Velo XXVII| and |Nina's Nightmare - Beenox Developer|) or |Chunk Unlock|);;
Koala Carnival Time Trial - Beat N. Tropy;Time Trial - Koala Carnival, Time Trial, Bonus, N. Tropy;|Koala Carnival| and ((|Koala Carnival - N. Tropy|) or |Chunk Unlock|);;
Koala Carnival Time Trial - Beat Nitros Oxide;Time Trial - Koala Carnival, Time Trial, Bonus, N. Oxide;|Koala Carnival| and ((|Koala Carnival - N. Tropy| and |Koala Carnival - N. Oxide|) or |Chunk Unlock|);;
Koala Carnival Time Trial - Beat Emperor Velo XXVII;Time Trial - Koala Carnival, Time Trial, Bonus, Velo;|Koala Carnival| and ((|Koala Carnival - N. Tropy| and |Koala Carnival - N. Oxide| and |Koala Carnival - Emperor Velo XXVII|) or |Chunk Unlock|);;
Koala Carnival Time Trial - Beat Beenox Developer;Time Trial - Koala Carnival, Time Trial, Bonus, Dev;|Koala Carnival| and ((|Koala Carnival - N. Tropy| and |Koala Carnival - N. Oxide| and |Koala Carnival - Emperor Velo XXVII| and |Koala Carnival - Beenox Developer|) or |Chunk Unlock|);;
Gingerbread Joyride Time Trial - Beat N. Tropy;Time Trial - Gingerbread Joyride, Time Trial, Bonus, N. Tropy;|Gingerbread Joyride| and ((|Gingerbread Joyride - N. Tropy|) or |Chunk Unlock|);;
Gingerbread Joyride Time Trial - Beat Nitros Oxide;Time Trial - Gingerbread Joyride, Time Trial, Bonus, N. Oxide;|Gingerbread Joyride| and ((|Gingerbread Joyride - N. Tropy| and |Gingerbread Joyride - N. Oxide|) or |Chunk Unlock|);;
Gingerbread Joyride Time Trial - Beat Emperor Velo XXVII;Time Trial - Gingerbread Joyride, Time Trial, Bonus, Velo;|Gingerbread Joyride| and ((|Gingerbread Joyride - N. Tropy| and |Gingerbread Joyride - N. Oxide| and |Gingerbread Joyride - Emperor Velo XXVII|) or |Chunk Unlock|);;
Gingerbread Joyride Time Trial - Beat Beenox Developer;Time Trial - Gingerbread Joyride, Time Trial, Bonus, Dev;"|Gingerbread Joyride| and ((|Gingerbread Joyride - N. Tropy| and |Gingerbread Joyride - N. Oxide| and |Gingerbread Joyride - Emperor Velo XXVII| and |Gingerbread Joyride - Beenox Developer|) or |Chunk Unlock|)   ";;
Megamix Mania Time Trial - Beat N. Tropy;Time Trial - Megamix Mania, Time Trial, Bonus, N. Tropy;|Megamix Mania| and ((|Megamix Mania - N. Tropy|) or |Chunk Unlock|);;
Megamix Mania Time Trial - Beat Nitros Oxide;Time Trial - Megamix Mania, Time Trial, Bonus, N. Oxide;|Megamix Mania| and ((|Megamix Mania - N. Tropy| and |Megamix Mania - N. Oxide|) or |Chunk Unlock|);;
Megamix Mania Time Trial - Beat Emperor Velo XXVII;Time Trial - Megamix Mania, Time Trial, Bonus, Velo;|Megamix Mania| and ((|Megamix Mania - N. Tropy| and |Megamix Mania - N. Oxide| and |Megamix Mania - Emperor Velo XXVII|) or |Chunk Unlock|);;
Megamix Mania Time Trial - Beat Beenox Developer;Time Trial - Megamix Mania, Time Trial, Bonus, Dev;|Megamix Mania| and ((|Megamix Mania - N. Tropy| and |Megamix Mania - N. Oxide| and |Megamix Mania - Emperor Velo XXVII| and |Megamix Mania - Beenox Developer|) or |Chunk Unlock|);;
Drive-Thru Danger Time Trial - Beat N. Tropy;Time Trial - Drive-Thru Danger, Time Trial, Bonus, N. Tropy;|Drive-Thru Danger| and ((|Drive-Thru Danger - N. Tropy|) or |Chunk Unlock|);;
Drive-Thru Danger Time Trial - Beat Nitros Oxide;Time Trial - Drive-Thru Danger, Time Trial, Bonus, N. Oxide;|Drive-Thru Danger| and ((|Drive-Thru Danger - N. Tropy| and |Drive-Thru Danger - N. Oxide|) or |Chunk Unlock|);;
Drive-Thru Danger Time Trial - Beat Emperor Velo XXVII;Time Trial - Drive-Thru Danger, Time Trial, Bonus, Velo;|Drive-Thru Danger| and ((|Drive-Thru Danger - N. Tropy| and |Drive-Thru Danger - N. Oxide| and |Drive-Thru Danger - Emperor Velo XXVII|) or |Chunk Unlock|);;
Drive-Thru Danger Time Trial - Beat Beenox Developer;Time Trial - Drive-Thru Danger, Time Trial, Bonus, Dev;|Drive-Thru Danger| and ((|Drive-Thru Danger - N. Tropy| and |Drive-Thru Danger - N. Oxide| and |Drive-Thru Danger - Emperor Velo XXVII| and |Drive-Thru Danger - Beenox Developer|) or |Chunk Unlock|);;
;;;;
Wumpa Cup - Easy - 5th;Cup - Wumpa Cup - Classic, Cups_option, Classic, Easy, Not Chunks;|Wumpa Cup|;;
Wumpa Cup - Easy - 3rd;Cup - Wumpa Cup - Classic, Cups_option, Classic, Easy, Not Chunks;|Wumpa Cup|;;
Wumpa Cup - Easy - 1st;Cup - Wumpa Cup - Classic, Cups_option, Classic, Easy;|Wumpa Cup|;;
Wumpa Cup - Medium - 5th;Cup - Wumpa Cup - Classic, Cups_option, Classic, Medium, Not Chunks;|Wumpa Cup|;;
Wumpa Cup - Medium - 3rd;Cup - Wumpa Cup - Classic, Cups_option, Classic, Medium, Not Chunks;|Wumpa Cup|;;
Wumpa Cup - Medium - 1st;Cup - Wumpa Cup - Classic, Cups_option, Classic, Medium;|Wumpa Cup|;;
Wumpa Cup - Hard - 5th;Cup - Wumpa Cup - Classic, Cups_option, Classic, Hard, Not Chunks;|Wumpa Cup|;;
Wumpa Cup - Hard - 3rd;Cup - Wumpa Cup - Classic, Cups_option, Classic, Hard, Not Chunks;|Wumpa Cup|;;
Wumpa Cup - Hard - 1st;Cup - Wumpa Cup - Classic, Cups_option, Classic, Hard;|Wumpa Cup|;;
Nitro Cup - Easy - 5th;Cup - Nitro Cup - Classic, Cups_option, Classic, Easy, Not Chunks;|Nitro Cup|;;
Nitro Cup - Easy - 3rd;Cup - Nitro Cup - Classic, Cups_option, Classic, Easy, Not Chunks;|Nitro Cup|;;
Nitro Cup - Easy - 1st;Cup - Nitro Cup - Classic, Cups_option, Classic, Easy;|Nitro Cup|;;
Nitro Cup - Medium - 5th;Cup - Nitro Cup - Classic, Cups_option, Classic, Medium, Not Chunks;|Nitro Cup|;;
Nitro Cup - Medium - 3rd;Cup - Nitro Cup - Classic, Cups_option, Classic, Medium, Not Chunks;|Nitro Cup|;;
Nitro Cup - Medium - 1st;Cup - Nitro Cup - Classic, Cups_option, Classic, Medium;|Nitro Cup|;;
Nitro Cup - Hard - 5th;Cup - Nitro Cup - Classic, Cups_option, Classic, Hard, Not Chunks;|Nitro Cup|;;
Nitro Cup - Hard - 3rd;Cup - Nitro Cup - Classic, Cups_option, Classic, Hard, Not Chunks;|Nitro Cup|;;
Nitro Cup - Hard - 1st;Cup - Nitro Cup - Classic, Cups_option, Classic, Hard;|Nitro Cup|;;
Crystal Cup - Easy - 5th;Cup - Crystal Cup - Classic, Cups_option, Classic, Easy, Not Chunks;|Crystal Cup|;;
Crystal Cup - Easy - 3rd;Cup - Crystal Cup - Classic, Cups_option, Classic, Easy, Not Chunks;|Crystal Cup|;;
Crystal Cup - Easy - 1st;Cup - Crystal Cup - Classic, Cups_option, Classic, Easy;|Crystal Cup|;;
Crystal Cup - Medium - 5th;Cup - Crystal Cup - Classic, Cups_option, Classic, Medium, Not Chunks;|Crystal Cup|;;
Crystal Cup - Medium - 3rd;Cup - Crystal Cup - Classic, Cups_option, Classic, Medium, Not Chunks;|Crystal Cup|;;
Crystal Cup - Medium - 1st;Cup - Crystal Cup - Classic, Cups_option, Classic, Medium;|Crystal Cup|;;
Crystal Cup - Hard - 5th;Cup - Crystal Cup - Classic, Cups_option, Classic, Hard, Not Chunks;|Crystal Cup|;;
Crystal Cup - Hard - 3rd;Cup - Crystal Cup - Classic, Cups_option, Classic, Hard, Not Chunks;|Crystal Cup|;;
Crystal Cup - Hard - 1st;Cup - Crystal Cup - Classic, Cups_option, Classic, Hard;|Crystal Cup|;;
Crash Cup - Easy - 5th;Cup - Crash Cup - Classic, Cups_option, Classic, Easy, Not Chunks;|Crash Cup|;;
Crash Cup - Easy - 3rd;Cup - Crash Cup - Classic, Cups_option, Classic, Easy, Not Chunks;|Crash Cup|;;
Crash Cup - Easy - 1st;Cup - Crash Cup - Classic, Cups_option, Classic, Easy;|Crash Cup|;;
Crash Cup - Medium - 5th;Cup - Crash Cup - Classic, Cups_option, Classic, Medium, Not Chunks;|Crash Cup|;;
Crash Cup - Medium - 3rd;Cup - Crash Cup - Classic, Cups_option, Classic, Medium, Not Chunks;|Crash Cup|;;
Crash Cup - Medium - 1st;Cup - Crash Cup - Classic, Cups_option, Classic, Medium;|Crash Cup|;;
Crash Cup - Hard - 5th;Cup - Crash Cup - Classic, Cups_option, Classic, Hard, Not Chunks;|Crash Cup|;;
Crash Cup - Hard - 3rd;Cup - Crash Cup - Classic, Cups_option, Classic, Hard, Not Chunks;|Crash Cup|;;
Crash Cup - Hard - 1st;Cup - Crash Cup - Classic, Cups_option, Classic, Hard;|Crash Cup|;;
Velo Cup - Easy - 5th;Cup - Velo Cup - Nitro, Cups_option, Nitro, Easy, Not Chunks;|Velo Cup|;;
Velo Cup - Easy - 3rd;Cup - Velo Cup - Nitro, Cups_option, Nitro, Easy, Not Chunks;|Velo Cup|;;
Velo Cup - Easy - 1st;Cup - Velo Cup - Nitro, Cups_option, Nitro, Easy;|Velo Cup|;;
Velo Cup - Medium - 5th;Cup - Velo Cup - Nitro, Cups_option, Nitro, Medium, Not Chunks;|Velo Cup|;;
Velo Cup - Medium - 3rd;Cup - Velo Cup - Nitro, Cups_option, Nitro, Medium, Not Chunks;|Velo Cup|;;
Velo Cup - Medium - 1st;Cup - Velo Cup - Nitro, Cups_option, Nitro, Medium;|Velo Cup|;;
Velo Cup - Hard - 5th;Cup - Velo Cup - Nitro, Cups_option, Nitro, Hard, Not Chunks;|Velo Cup|;;
Velo Cup - Hard - 3rd;Cup - Velo Cup - Nitro, Cups_option, Nitro, Hard, Not Chunks;|Velo Cup|;;
Velo Cup - Hard - 1st;Cup - Velo Cup - Nitro, Cups_option, Nitro, Hard;|Velo Cup|;;
Aku Cup - Easy - 5th;Cup - Aku Cup - Nitro, Cups_option, Nitro, Easy, Not Chunks;|Aku Cup|;;
Aku Cup - Easy - 3rd;Cup - Aku Cup - Nitro, Cups_option, Nitro, Easy, Not Chunks;|Aku Cup|;;
Aku Cup - Easy - 1st;Cup - Aku Cup - Nitro, Cups_option, Nitro, Easy;|Aku Cup|;;
Aku Cup - Medium - 5th;Cup - Aku Cup - Nitro, Cups_option, Nitro, Medium, Not Chunks;|Aku Cup|;;
Aku Cup - Medium - 3rd;Cup - Aku Cup - Nitro, Cups_option, Nitro, Medium, Not Chunks;|Aku Cup|;;
Aku Cup - Medium - 1st;Cup - Aku Cup - Nitro, Cups_option, Nitro, Medium;|Aku Cup|;;
Aku Cup - Hard - 5th;Cup - Aku Cup - Nitro, Cups_option, Nitro, Hard, Not Chunks;|Aku Cup|;;
Aku Cup - Hard - 3rd;Cup - Aku Cup - Nitro, Cups_option, Nitro, Hard, Not Chunks;|Aku Cup|;;
Aku Cup - Hard - 1st;Cup - Aku Cup - Nitro, Cups_option, Nitro, Hard;|Aku Cup|;;
Uka Cup - Easy - 5th;Cup - Uka Cup - Nitro, Cups_option, Nitro, Easy, Not Chunks;|Uka Cup|;;
Uka Cup - Easy - 3rd;Cup - Uka Cup - Nitro, Cups_option, Nitro, Easy, Not Chunks;|Uka Cup|;;
Uka Cup - Easy - 1st;Cup - Uka Cup - Nitro, Cups_option, Nitro, Easy;|Uka Cup|;;
Uka Cup - Medium - 5th;Cup - Uka Cup - Nitro, Cups_option, Nitro, Medium, Not Chunks;|Uka Cup|;;
Uka Cup - Medium - 3rd;Cup - Uka Cup - Nitro, Cups_option, Nitro, Medium, Not Chunks;|Uka Cup|;;
Uka Cup - Medium - 1st;Cup - Uka Cup - Nitro, Cups_option, Nitro, Medium;|Uka Cup|;;
Uka Cup - Hard - 5th;Cup - Uka Cup - Nitro, Cups_option, Nitro, Hard, Not Chunks;|Uka Cup|;;
Uka Cup - Hard - 3rd;Cup - Uka Cup - Nitro, Cups_option, Nitro, Hard, Not Chunks;|Uka Cup|;;
Uka Cup - Hard - 1st;Cup - Uka Cup - Nitro, Cups_option, Nitro, Hard;|Uka Cup|;;
Bonus Cup - Easy - 5th;Cup - Bonus Cup - Bonus, Cups_option, Bonus, Easy, Not Chunks;|Bonus Cup|;;
Bonus Cup - Easy - 3rd;Cup - Bonus Cup - Bonus, Cups_option, Bonus, Easy, Not Chunks;|Bonus Cup|;;
Bonus Cup - Easy - 1st;Cup - Bonus Cup - Bonus, Cups_option, Bonus, Easy;|Bonus Cup|;;
Bonus Cup - Medium - 5th;Cup - Bonus Cup - Bonus, Cups_option, Bonus, Medium, Not Chunks;|Bonus Cup|;;
Bonus Cup - Medium - 3rd;Cup - Bonus Cup - Bonus, Cups_option, Bonus, Medium, Not Chunks;|Bonus Cup|;;
Bonus Cup - Medium - 1st;Cup - Bonus Cup - Bonus, Cups_option, Bonus, Medium;|Bonus Cup|;;
Bonus Cup - Hard - 5th;Cup - Bonus Cup - Bonus, Cups_option, Bonus, Hard, Not Chunks;|Bonus Cup|;;
Bonus Cup - Hard - 3rd;Cup - Bonus Cup - Bonus, Cups_option, Bonus, Hard, Not Chunks;|Bonus Cup|;;
Bonus Cup - Hard - 1st;Cup - Bonus Cup - Bonus, Cups_option, Bonus, Hard;|Bonus Cup|;;
Lost Cup - Easy - 5th;Cup - Lost Cup - Bonus, Nitro, Classic, Cups_option, Bonus, Nitro, Classic, Easy, Not Chunks;|Lost Cup|;;
Lost Cup - Easy - 3rd;Cup - Lost Cup - Bonus, Nitro, Classic, Cups_option, Bonus, Nitro, Classic, Easy, Not Chunks;|Lost Cup|;;
Lost Cup - Easy - 1st;Cup - Lost Cup - Bonus, Nitro, Classic, Cups_option, Bonus, Nitro, Classic, Easy;|Lost Cup|;;
Lost Cup - Medium - 5th;Cup - Lost Cup - Bonus, Nitro, Classic, Cups_option, Bonus, Nitro, Classic, Medium, Not Chunks;|Lost Cup|;;
Lost Cup - Medium - 3rd;Cup - Lost Cup - Bonus, Nitro, Classic, Cups_option, Bonus, Nitro, Classic, Medium, Not Chunks;|Lost Cup|;;
Lost Cup - Medium - 1st;Cup - Lost Cup - Bonus, Nitro, Classic, Cups_option, Bonus, Nitro, Classic, Medium;|Lost Cup|;;
Lost Cup - Hard - 5th;Cup - Lost Cup - Bonus, Nitro, Classic, Cups_option, Bonus, Nitro, Classic, Hard, Not Chunks;|Lost Cup|;;
Lost Cup - Hard - 3rd;Cup - Lost Cup - Bonus, Nitro, Classic, Cups_option, Bonus, Nitro, Classic, Hard, Not Chunks;|Lost Cup|;;
Lost Cup - Hard - 1st;Cup - Lost Cup - Bonus, Nitro, Classic, Cups_option, Bonus, Nitro, Classic, Hard;|Lost Cup|;;
Desert Cup - Easy - 5th;Cup - Desert Cup - Bonus, Nitro, Classic, Cups_option, Bonus, Nitro, Classic, Easy, Not Chunks;|Desert Cup|;;
Desert Cup - Easy - 3rd;Cup - Desert Cup - Bonus, Nitro, Classic, Cups_option, Bonus, Nitro, Classic, Easy, Not Chunks;|Desert Cup|;;
Desert Cup - Easy - 1st;Cup - Desert Cup - Bonus, Nitro, Classic, Cups_option, Bonus, Nitro, Classic, Easy;|Desert Cup|;;
Desert Cup - Medium - 5th;Cup - Desert Cup - Bonus, Nitro, Classic, Cups_option, Bonus, Nitro, Classic, Medium, Not Chunks;|Desert Cup|;;
Desert Cup - Medium - 3rd;Cup - Desert Cup - Bonus, Nitro, Classic, Cups_option, Bonus, Nitro, Classic, Medium, Not Chunks;|Desert Cup|;;
Desert Cup - Medium - 1st;Cup - Desert Cup - Bonus, Nitro, Classic, Cups_option, Bonus, Nitro, Classic, Medium;|Desert Cup|;;
Desert Cup - Hard - 5th;Cup - Desert Cup - Bonus, Nitro, Classic, Cups_option, Bonus, Nitro, Classic, Hard, Not Chunks;|Desert Cup|;;
Desert Cup - Hard - 3rd;Cup - Desert Cup - Bonus, Nitro, Classic, Cups_option, Bonus, Nitro, Classic, Hard, Not Chunks;|Desert Cup|;;
Desert Cup - Hard - 1st;Cup - Desert Cup - Bonus, Nitro, Classic, Cups_option, Bonus, Nitro, Classic, Hard;|Desert Cup|;;
Space Cup - Easy - 5th;Cup - Space Cup - Bonus, Nitro, Classic, Cups_option, Bonus, Nitro, Classic, Easy, Not Chunks;|Space Cup|;;
Space Cup - Easy - 3rd;Cup - Space Cup - Bonus, Nitro, Classic, Cups_option, Bonus, Nitro, Classic, Easy, Not Chunks;|Space Cup|;;
Space Cup - Easy - 1st;Cup - Space Cup - Bonus, Nitro, Classic, Cups_option, Bonus, Nitro, Classic, Easy;|Space Cup|;;
Space Cup - Medium - 5th;Cup - Space Cup - Bonus, Nitro, Classic, Cups_option, Bonus, Nitro, Classic, Medium, Not Chunks;|Space Cup|;;
Space Cup - Medium - 3rd;Cup - Space Cup - Bonus, Nitro, Classic, Cups_option, Bonus, Nitro, Classic, Medium, Not Chunks;|Space Cup|;;
Space Cup - Medium - 1st;Cup - Space Cup - Bonus, Nitro, Classic, Cups_option, Bonus, Nitro, Classic, Medium;|Space Cup|;;
Space Cup - Hard - 5th;Cup - Space Cup - Bonus, Nitro, Classic, Cups_option, Bonus, Nitro, Classic, Hard, Not Chunks;|Space Cup|;;
Space Cup - Hard - 3rd;Cup - Space Cup - Bonus, Nitro, Classic, Cups_option, Bonus, Nitro, Classic, Hard, Not Chunks;|Space Cup|;;
Space Cup - Hard - 1st;Cup - Space Cup - Bonus, Nitro, Classic, Cups_option, Bonus, Nitro, Classic, Hard;|Space Cup|;;
;;;;
;;;;
